mode: set
registro-backend/internal/config/config.go:55.36,60.45 3 0
registro-backend/internal/config/config.go:60.45,62.3 1 0
registro-backend/internal/config/config.go:64.2,102.20 5 0
registro-backend/internal/handler/health.go:14.50,16.2 1 0
registro-backend/internal/handler/health.go:18.48,20.2 1 0
registro-backend/internal/handler/health.go:22.47,23.36 1 0
registro-backend/internal/handler/health.go:23.36,26.3 2 0
registro-backend/internal/handler/health.go:27.2,27.49 1 0
registro-backend/internal/communications/handler.go:13.38,15.2 1 0
registro-backend/internal/communications/handler.go:17.55,19.2 2 0
registro-backend/internal/communications/handler.go:19.2,22.3 2 0
registro-backend/internal/communications/handler.go:25.40,27.15 2 0
registro-backend/internal/communications/handler.go:27.15,29.3 1 0
registro-backend/internal/communications/handler.go:30.2,31.16 2 0
registro-backend/internal/communications/handler.go:31.16,34.3 2 0
registro-backend/internal/communications/handler.go:35.2,35.29 1 0
registro-backend/internal/communications/handler.go:38.40,40.15 2 0
registro-backend/internal/communications/handler.go:40.15,42.3 1 0
registro-backend/internal/communications/handler.go:43.2,44.47 2 0
registro-backend/internal/communications/handler.go:44.47,47.3 2 0
registro-backend/internal/communications/handler.go:48.2,49.16 2 0
registro-backend/internal/communications/handler.go:49.16,52.3 2 0
registro-backend/internal/communications/handler.go:53.2,53.33 1 0
registro-backend/internal/communications/repository.go:21.52,23.2 1 0
registro-backend/internal/communications/repository.go:25.78,38.2 5 0
registro-backend/internal/communications/repository.go:40.91,49.16 3 0
registro-backend/internal/communications/repository.go:49.16,51.3 1 0
registro-backend/internal/communications/repository.go:52.2,55.18 3 0
registro-backend/internal/communications/repository.go:55.18,60.17 3 0
registro-backend/internal/communications/repository.go:60.17,62.4 1 0
registro-backend/internal/communications/repository.go:63.3,64.25 2 0
registro-backend/internal/communications/repository.go:66.2,66.18 1 0
registro-backend/internal/communications/service.go:11.43,13.2 1 1
registro-backend/internal/communications/service.go:15.113,23.48 2 1
registro-backend/internal/communications/service.go:23.48,25.3 1 0
registro-backend/internal/communications/service.go:26.2,26.17 1 1
registro-backend/internal/communications/service.go:29.88,31.2 1 1
registro-backend/internal/db/postgres.go:14.58,19.16 3 0
registro-backend/internal/db/postgres.go:19.16,21.3 1 0
registro-backend/internal/db/postgres.go:24.2,28.34 4 0
registro-backend/internal/db/postgres.go:28.34,30.3 1 0
registro-backend/internal/db/postgres.go:32.2,33.16 2 0
registro-backend/internal/attendance/handler.go:13.37,15.2 1 0
registro-backend/internal/attendance/handler.go:18.54,41.2 14 0
registro-backend/internal/attendance/handler.go:43.48,46.16 3 0
registro-backend/internal/attendance/handler.go:46.16,49.3 2 0
registro-backend/internal/attendance/handler.go:50.2,50.28 1 0
registro-backend/internal/attendance/handler.go:53.54,57.16 3 0
registro-backend/internal/attendance/handler.go:57.16,60.3 2 0
registro-backend/internal/attendance/handler.go:61.2,61.28 1 0
registro-backend/internal/attendance/handler.go:64.51,67.16 3 0
registro-backend/internal/attendance/handler.go:67.16,70.3 2 0
registro-backend/internal/attendance/handler.go:71.2,71.28 1 0
registro-backend/internal/attendance/handler.go:74.56,77.97 3 0
registro-backend/internal/attendance/handler.go:77.97,80.3 2 0
registro-backend/internal/attendance/handler.go:81.2,81.53 1 0
registro-backend/internal/attendance/handler.go:84.55,87.79 2 0
registro-backend/internal/attendance/handler.go:87.79,90.3 2 0
registro-backend/internal/attendance/handler.go:91.2,91.53 1 0
registro-backend/internal/attendance/handler.go:94.48,96.16 2 0
registro-backend/internal/attendance/handler.go:96.16,99.3 2 0
registro-backend/internal/attendance/handler.go:100.2,100.28 1 0
registro-backend/internal/attendance/handler.go:103.50,105.47 2 0
registro-backend/internal/attendance/handler.go:105.47,108.3 2 0
registro-backend/internal/attendance/handler.go:109.2,110.83 2 0
registro-backend/internal/attendance/handler.go:110.83,113.3 2 0
registro-backend/internal/attendance/handler.go:114.2,114.51 1 0
registro-backend/internal/attendance/handler.go:117.44,119.47 2 0
registro-backend/internal/attendance/handler.go:119.47,122.3 2 0
registro-backend/internal/attendance/handler.go:123.2,124.77 2 0
registro-backend/internal/attendance/handler.go:124.77,127.3 2 0
registro-backend/internal/attendance/handler.go:128.2,128.56 1 0
registro-backend/internal/attendance/handler.go:131.54,134.16 3 0
registro-backend/internal/attendance/handler.go:134.16,137.3 2 0
registro-backend/internal/attendance/handler.go:138.2,139.16 2 0
registro-backend/internal/attendance/handler.go:139.16,142.3 2 0
registro-backend/internal/attendance/handler.go:143.2,143.28 1 0
registro-backend/internal/attendance/handler.go:146.51,150.16 3 0
registro-backend/internal/attendance/handler.go:150.16,153.3 2 0
registro-backend/internal/attendance/handler.go:154.2,154.28 1 0
registro-backend/internal/attendance/handler.go:157.56,159.47 2 0
registro-backend/internal/attendance/handler.go:159.47,162.3 2 0
registro-backend/internal/attendance/handler.go:164.2,165.91 2 0
registro-backend/internal/attendance/handler.go:165.91,168.3 2 0
registro-backend/internal/attendance/handler.go:169.2,169.54 1 0
registro-backend/internal/attendance/handler.go:172.60,175.16 3 0
registro-backend/internal/attendance/handler.go:175.16,178.3 2 0
registro-backend/internal/attendance/handler.go:179.2,179.28 1 0
registro-backend/internal/attendance/handler.go:182.56,187.47 3 0
registro-backend/internal/attendance/handler.go:187.47,190.3 2 0
registro-backend/internal/attendance/handler.go:191.2,192.104 2 0
registro-backend/internal/attendance/handler.go:192.104,195.3 2 0
registro-backend/internal/attendance/handler.go:196.2,196.54 1 0
registro-backend/internal/attendance/handler.go:200.49,200.73 1 0
registro-backend/internal/attendance/model.go:72.37,73.63 1 0
registro-backend/internal/attendance/model.go:73.63,75.3 1 0
registro-backend/internal/attendance/model.go:76.2,76.21 1 0
registro-backend/internal/attendance/model.go:76.21,78.3 1 0
registro-backend/internal/attendance/model.go:80.2,80.51 1 0
registro-backend/internal/attendance/model.go:80.51,82.3 1 0
registro-backend/internal/attendance/model.go:83.2,83.13 1 0
registro-backend/internal/attendance/repository.go:30.43,32.2 1 0
registro-backend/internal/attendance/repository.go:36.50,49.2 2 0
registro-backend/internal/attendance/repository.go:51.60,53.16 2 0
registro-backend/internal/attendance/repository.go:53.16,55.3 1 0
registro-backend/internal/attendance/repository.go:56.2,67.16 3 0
registro-backend/internal/attendance/repository.go:67.16,69.3 1 0
registro-backend/internal/attendance/repository.go:70.2,72.25 2 0
registro-backend/internal/attendance/repository.go:72.25,77.17 2 0
registro-backend/internal/attendance/repository.go:77.17,79.4 1 0
registro-backend/internal/attendance/repository.go:81.2,81.20 1 0
registro-backend/internal/attendance/repository.go:84.50,91.2 3 0
registro-backend/internal/attendance/repository.go:93.63,100.16 4 0
registro-backend/internal/attendance/repository.go:100.16,102.3 1 0
registro-backend/internal/attendance/repository.go:103.2,103.16 1 0
registro-backend/internal/attendance/repository.go:106.95,113.16 3 0
registro-backend/internal/attendance/repository.go:113.16,115.3 1 0
registro-backend/internal/attendance/repository.go:116.2,119.18 3 0
registro-backend/internal/attendance/repository.go:119.18,121.141 2 0
registro-backend/internal/attendance/repository.go:121.141,123.4 1 0
registro-backend/internal/attendance/repository.go:124.3,124.23 1 0
registro-backend/internal/attendance/repository.go:126.2,126.17 1 0
registro-backend/internal/attendance/repository.go:129.106,137.16 3 0
registro-backend/internal/attendance/repository.go:137.16,139.3 1 0
registro-backend/internal/attendance/repository.go:140.2,143.18 3 0
registro-backend/internal/attendance/repository.go:143.18,145.141 2 0
registro-backend/internal/attendance/repository.go:145.141,147.4 1 0
registro-backend/internal/attendance/repository.go:148.3,148.23 1 0
registro-backend/internal/attendance/repository.go:150.2,150.17 1 0
registro-backend/internal/attendance/repository.go:153.75,165.16 4 0
registro-backend/internal/attendance/repository.go:165.16,167.3 1 0
registro-backend/internal/attendance/repository.go:168.2,168.16 1 0
registro-backend/internal/attendance/repository.go:173.66,178.2 2 0
registro-backend/internal/attendance/repository.go:180.66,184.2 3 0
registro-backend/internal/attendance/repository.go:186.79,190.16 4 0
registro-backend/internal/attendance/repository.go:190.16,192.3 1 0
registro-backend/internal/attendance/repository.go:193.2,193.16 1 0
registro-backend/internal/attendance/repository.go:196.89,205.16 3 0
registro-backend/internal/attendance/repository.go:205.16,207.3 1 0
registro-backend/internal/attendance/repository.go:208.2,211.18 3 0
registro-backend/internal/attendance/repository.go:211.18,213.104 2 0
registro-backend/internal/attendance/repository.go:213.104,215.4 1 0
registro-backend/internal/attendance/repository.go:216.3,216.23 1 0
registro-backend/internal/attendance/repository.go:218.2,218.17 1 0
registro-backend/internal/attendance/service.go:33.42,38.2 1 1
registro-backend/internal/attendance/service.go:40.108,53.25 3 1
registro-backend/internal/attendance/service.go:53.25,55.3 1 0
registro-backend/internal/attendance/service.go:56.2,56.24 1 1
registro-backend/internal/attendance/service.go:56.24,58.3 1 0
registro-backend/internal/attendance/service.go:60.2,60.55 1 1
registro-backend/internal/attendance/service.go:60.55,62.3 1 1
registro-backend/internal/attendance/service.go:64.2,64.27 1 1
registro-backend/internal/attendance/service.go:67.100,71.33 3 1
registro-backend/internal/attendance/service.go:71.33,81.24 2 1
registro-backend/internal/attendance/service.go:81.24,83.4 1 0
registro-backend/internal/attendance/service.go:84.3,84.56 1 1
registro-backend/internal/attendance/service.go:84.56,86.4 1 1
registro-backend/internal/attendance/service.go:87.3,87.27 1 0
registro-backend/internal/attendance/service.go:90.2,90.33 1 0
registro-backend/internal/attendance/service.go:93.114,95.16 2 0
registro-backend/internal/attendance/service.go:95.16,97.3 1 0
registro-backend/internal/attendance/service.go:101.2,101.23 1 0
registro-backend/internal/attendance/service.go:101.23,103.3 1 0
registro-backend/internal/attendance/service.go:104.2,104.22 1 0
registro-backend/internal/attendance/service.go:104.22,106.3 1 0
registro-backend/internal/attendance/service.go:107.2,107.26 1 0
registro-backend/internal/attendance/service.go:107.26,109.3 1 0
registro-backend/internal/attendance/service.go:111.2,111.27 1 0
registro-backend/internal/attendance/service.go:114.122,117.16 3 0
registro-backend/internal/attendance/service.go:117.16,119.3 1 0
registro-backend/internal/attendance/service.go:121.2,128.27 3 0
registro-backend/internal/attendance/service.go:128.27,137.27 2 0
registro-backend/internal/attendance/service.go:137.27,139.4 1 0
registro-backend/internal/attendance/service.go:141.3,143.21 2 0
registro-backend/internal/attendance/service.go:144.22,145.7 1 0
registro-backend/internal/attendance/service.go:146.21,147.7 1 0
registro-backend/internal/attendance/service.go:148.19,149.7 1 0
registro-backend/internal/attendance/service.go:152.2,156.18 4 0
registro-backend/internal/attendance/service.go:159.109,165.16 4 0
registro-backend/internal/attendance/service.go:165.16,167.3 1 0
registro-backend/internal/attendance/service.go:169.2,170.27 2 0
registro-backend/internal/attendance/service.go:170.27,180.3 2 0
registro-backend/internal/attendance/service.go:181.2,181.18 1 0
registro-backend/internal/attendance/service.go:186.110,199.61 4 0
registro-backend/internal/attendance/service.go:199.61,201.3 1 0
registro-backend/internal/attendance/service.go:203.2,203.38 1 0
registro-backend/internal/attendance/service.go:206.116,208.16 2 1
registro-backend/internal/attendance/service.go:208.16,210.3 1 0
registro-backend/internal/attendance/service.go:212.2,212.13 1 1
registro-backend/internal/attendance/service.go:212.13,221.3 4 1
registro-backend/internal/attendance/service.go:221.8,223.3 1 0
registro-backend/internal/attendance/service.go:225.2,225.38 1 1
registro-backend/internal/attendance/service.go:228.114,230.16 2 0
registro-backend/internal/attendance/service.go:230.16,232.3 1 0
registro-backend/internal/attendance/service.go:234.2,235.23 2 0
registro-backend/internal/attendance/service.go:235.23,242.3 1 0
registro-backend/internal/attendance/service.go:243.2,243.18 1 0
registro-backend/internal/attendance/service.go:246.90,258.2 1 0
registro-backend/internal/attendance/service.go:260.102,262.16 2 0
registro-backend/internal/attendance/service.go:262.16,264.3 1 0
registro-backend/internal/attendance/service.go:268.2,271.30 3 0
registro-backend/internal/attendance/service.go:271.30,273.3 1 0
registro-backend/internal/attendance/service.go:273.8,273.37 1 0
registro-backend/internal/attendance/service.go:273.37,275.3 1 0
registro-backend/internal/attendance/service.go:275.8,277.3 1 0
registro-backend/internal/attendance/service.go:279.2,279.19 1 0
registro-backend/internal/attendance/service.go:282.87,288.2 1 0
registro-backend/internal/attendance/validator.go:10.32,12.2 1 1
registro-backend/internal/attendance/validator.go:14.56,19.41 3 1
registro-backend/internal/attendance/validator.go:19.41,21.3 1 1
registro-backend/internal/attendance/validator.go:30.2,30.50 1 1
registro-backend/internal/attendance/validator.go:30.50,32.3 1 1
registro-backend/internal/attendance/validator.go:33.2,33.54 1 1
registro-backend/internal/attendance/validator.go:33.54,35.3 1 0
registro-backend/internal/attendance/validator.go:37.2,37.12 1 1
registro-backend/internal/attendance/validator.go:40.67,41.35 1 0
registro-backend/internal/attendance/validator.go:41.35,43.3 1 0
registro-backend/internal/attendance/validator.go:44.2,44.12 1 0
registro-backend/internal/pcto/certificate_generator.go:7.106,10.2 1 0
registro-backend/internal/pcto/certificate_generator.go:14.100,16.2 1 0
registro-backend/internal/pcto/handler.go:13.37,15.2 1 0
registro-backend/internal/pcto/handler.go:17.54,33.2 9 0
registro-backend/internal/pcto/handler.go:35.49,37.47 2 0
registro-backend/internal/pcto/handler.go:37.47,40.3 2 0
registro-backend/internal/pcto/handler.go:41.2,42.82 2 0
registro-backend/internal/pcto/handler.go:42.82,45.3 2 0
registro-backend/internal/pcto/handler.go:46.2,46.57 1 0
registro-backend/internal/pcto/handler.go:49.47,51.16 2 0
registro-backend/internal/pcto/handler.go:51.16,54.3 2 0
registro-backend/internal/pcto/handler.go:55.2,55.28 1 0
registro-backend/internal/pcto/handler.go:58.49,63.47 3 0
registro-backend/internal/pcto/handler.go:63.47,66.3 2 0
registro-backend/internal/pcto/handler.go:67.2,67.88 1 0
registro-backend/internal/pcto/handler.go:67.88,70.3 2 0
registro-backend/internal/pcto/handler.go:71.2,71.53 1 0
registro-backend/internal/pcto/handler.go:74.49,76.47 2 0
registro-backend/internal/pcto/handler.go:76.47,79.3 2 0
registro-backend/internal/pcto/handler.go:80.2,80.74 1 0
registro-backend/internal/pcto/handler.go:80.74,83.3 2 0
registro-backend/internal/pcto/handler.go:84.2,84.65 1 0
registro-backend/internal/pcto/handler.go:87.48,89.16 2 0
registro-backend/internal/pcto/handler.go:89.16,92.3 2 0
registro-backend/internal/pcto/handler.go:93.2,93.28 1 0
registro-backend/internal/pcto/handler.go:96.49,99.16 3 0
registro-backend/internal/pcto/handler.go:99.16,102.3 2 0
registro-backend/internal/pcto/handler.go:103.2,103.28 1 0
registro-backend/internal/pcto/handler.go:106.44,108.47 2 0
registro-backend/internal/pcto/handler.go:108.47,111.3 2 0
registro-backend/internal/pcto/handler.go:112.2,113.77 2 0
registro-backend/internal/pcto/handler.go:113.77,116.3 2 0
registro-backend/internal/pcto/handler.go:117.2,117.56 1 0
registro-backend/internal/pcto/handler.go:120.53,124.16 4 0
registro-backend/internal/pcto/handler.go:124.16,127.3 2 0
registro-backend/internal/pcto/handler.go:128.2,128.67 1 0
registro-backend/internal/pcto/repository.go:31.43,33.2 1 0
registro-backend/internal/pcto/repository.go:35.75,42.2 2 0
registro-backend/internal/pcto/repository.go:44.91,46.16 2 0
registro-backend/internal/pcto/repository.go:46.16,48.3 1 0
registro-backend/internal/pcto/repository.go:49.2,51.18 3 0
registro-backend/internal/pcto/repository.go:51.18,53.194 2 0
registro-backend/internal/pcto/repository.go:53.194,55.4 1 0
registro-backend/internal/pcto/repository.go:56.3,56.33 1 0
registro-backend/internal/pcto/repository.go:58.2,58.22 1 0
registro-backend/internal/pcto/repository.go:61.87,67.2 3 0
registro-backend/internal/pcto/repository.go:69.75,72.2 2 0
registro-backend/internal/pcto/repository.go:74.81,77.2 2 0
registro-backend/internal/pcto/repository.go:79.113,81.16 2 0
registro-backend/internal/pcto/repository.go:81.16,83.3 1 0
registro-backend/internal/pcto/repository.go:84.2,86.18 3 0
registro-backend/internal/pcto/repository.go:86.18,90.3 3 0
registro-backend/internal/pcto/repository.go:91.2,91.19 1 0
registro-backend/internal/pcto/repository.go:94.113,96.16 2 0
registro-backend/internal/pcto/repository.go:96.16,98.3 1 0
registro-backend/internal/pcto/repository.go:99.2,101.18 3 0
registro-backend/internal/pcto/repository.go:101.18,105.3 3 0
registro-backend/internal/pcto/repository.go:106.2,106.19 1 0
registro-backend/internal/pcto/repository.go:109.113,113.2 3 0
registro-backend/internal/pcto/repository.go:115.70,117.16 2 0
registro-backend/internal/pcto/repository.go:117.16,119.3 1 0
registro-backend/internal/pcto/repository.go:120.2,125.16 3 0
registro-backend/internal/pcto/repository.go:125.16,127.3 1 0
registro-backend/internal/pcto/repository.go:130.2,131.16 2 0
registro-backend/internal/pcto/repository.go:131.16,133.3 1 0
registro-backend/internal/pcto/repository.go:135.2,135.20 1 0
registro-backend/internal/pcto/repository.go:138.95,140.16 2 0
registro-backend/internal/pcto/repository.go:140.16,142.3 1 0
registro-backend/internal/pcto/repository.go:143.2,145.18 3 0
registro-backend/internal/pcto/repository.go:145.18,149.23 4 0
registro-backend/internal/pcto/repository.go:149.23,152.4 2 0
registro-backend/internal/pcto/repository.go:153.3,153.25 1 0
registro-backend/internal/pcto/repository.go:155.2,155.18 1 0
registro-backend/internal/pcto/repository.go:158.87,161.2 2 0
registro-backend/internal/pcto/repository.go:163.75,166.2 1 0
registro-backend/internal/pcto/repository.go:168.92,170.16 2 0
registro-backend/internal/pcto/repository.go:170.16,172.3 1 0
registro-backend/internal/pcto/repository.go:173.2,175.18 3 0
registro-backend/internal/pcto/repository.go:175.18,179.3 3 0
registro-backend/internal/pcto/repository.go:180.2,180.19 1 0
registro-backend/internal/pcto/service.go:26.42,28.2 1 1
registro-backend/internal/pcto/service.go:30.104,32.16 2 1
registro-backend/internal/pcto/service.go:32.16,34.3 1 1
registro-backend/internal/pcto/service.go:35.2,36.16 2 1
registro-backend/internal/pcto/service.go:36.16,38.3 1 0
registro-backend/internal/pcto/service.go:40.2,40.23 1 1
registro-backend/internal/pcto/service.go:40.23,42.3 1 1
registro-backend/internal/pcto/service.go:44.2,57.37 2 1
registro-backend/internal/pcto/service.go:60.71,62.2 1 0
registro-backend/internal/pcto/service.go:64.89,68.2 2 0
registro-backend/internal/pcto/service.go:70.93,73.16 2 1
registro-backend/internal/pcto/service.go:73.16,75.3 1 0
registro-backend/internal/pcto/service.go:77.2,85.34 3 1
registro-backend/internal/pcto/service.go:88.91,90.16 2 0
registro-backend/internal/pcto/service.go:90.16,92.3 1 0
registro-backend/internal/pcto/service.go:94.2,95.26 2 0
registro-backend/internal/pcto/service.go:95.26,97.18 2 0
registro-backend/internal/pcto/service.go:97.18,99.4 1 0
registro-backend/internal/pcto/service.go:101.2,101.22 1 0
registro-backend/internal/pcto/service.go:104.124,106.16 2 0
registro-backend/internal/pcto/service.go:106.16,108.3 1 0
registro-backend/internal/pcto/service.go:110.2,111.24 2 0
registro-backend/internal/pcto/service.go:114.71,117.2 2 0
registro-backend/internal/pcto/service.go:119.72,121.2 1 0
registro-backend/internal/permissions/permissions.go:38.55,40.2 1 1
registro-backend/internal/permissions/permissions.go:88.28,90.2 1 1
registro-backend/internal/permissions/permissions.go:93.72,95.9 2 1
registro-backend/internal/permissions/permissions.go:95.9,97.3 1 1
registro-backend/internal/permissions/permissions.go:99.2,99.26 1 1
registro-backend/internal/permissions/permissions.go:99.26,100.20 1 1
registro-backend/internal/permissions/permissions.go:100.20,102.4 1 1
registro-backend/internal/permissions/permissions.go:104.2,104.14 1 1
registro-backend/internal/permissions/permissions.go:108.78,109.31 1 1
registro-backend/internal/permissions/permissions.go:109.31,110.34 1 1
registro-backend/internal/permissions/permissions.go:110.34,112.4 1 1
registro-backend/internal/permissions/permissions.go:114.2,114.13 1 1
registro-backend/internal/orientamento/handler.go:13.37,15.2 1 0
registro-backend/internal/orientamento/handler.go:17.54,28.2 6 0
registro-backend/internal/orientamento/handler.go:30.47,32.47 2 0
registro-backend/internal/orientamento/handler.go:32.47,35.3 2 0
registro-backend/internal/orientamento/handler.go:36.2,37.80 2 0
registro-backend/internal/orientamento/handler.go:37.80,40.3 2 0
registro-backend/internal/orientamento/handler.go:41.2,41.57 1 0
registro-backend/internal/orientamento/handler.go:44.45,46.16 2 0
registro-backend/internal/orientamento/handler.go:46.16,49.3 2 0
registro-backend/internal/orientamento/handler.go:50.2,50.28 1 0
registro-backend/internal/orientamento/handler.go:53.51,57.47 2 0
registro-backend/internal/orientamento/handler.go:57.47,60.3 2 0
registro-backend/internal/orientamento/handler.go:61.2,62.92 2 0
registro-backend/internal/orientamento/handler.go:62.92,65.3 2 0
registro-backend/internal/orientamento/handler.go:66.2,66.55 1 0
registro-backend/internal/orientamento/handler.go:69.47,72.16 3 0
registro-backend/internal/orientamento/handler.go:72.16,75.3 2 0
registro-backend/internal/orientamento/handler.go:76.2,76.28 1 0
registro-backend/internal/orientamento/handler.go:79.50,84.47 3 0
registro-backend/internal/orientamento/handler.go:84.47,87.3 2 0
registro-backend/internal/orientamento/handler.go:88.2,88.89 1 0
registro-backend/internal/orientamento/handler.go:88.89,91.3 2 0
registro-backend/internal/orientamento/handler.go:92.2,92.62 1 0
registro-backend/internal/orientamento/repository.go:20.43,22.2 1 0
registro-backend/internal/orientamento/repository.go:24.71,30.2 2 0
registro-backend/internal/orientamento/repository.go:32.87,34.16 2 0
registro-backend/internal/orientamento/repository.go:34.16,36.3 1 0
registro-backend/internal/orientamento/repository.go:37.2,39.18 3 0
registro-backend/internal/orientamento/repository.go:39.18,43.3 3 0
registro-backend/internal/orientamento/repository.go:44.2,44.20 1 0
registro-backend/internal/orientamento/repository.go:47.83,50.2 1 0
registro-backend/internal/orientamento/repository.go:52.104,54.16 2 0
registro-backend/internal/orientamento/repository.go:54.16,56.3 1 0
registro-backend/internal/orientamento/repository.go:57.2,59.18 3 0
registro-backend/internal/orientamento/repository.go:59.18,63.3 3 0
registro-backend/internal/orientamento/repository.go:64.2,64.19 1 0
registro-backend/internal/orientamento/repository.go:67.106,69.14 2 0
registro-backend/internal/orientamento/repository.go:69.14,71.3 1 0
registro-backend/internal/orientamento/repository.go:72.2,73.12 2 0
registro-backend/internal/orientamento/service.go:21.42,23.2 1 1
registro-backend/internal/orientamento/service.go:25.100,27.16 2 1
registro-backend/internal/orientamento/service.go:27.16,29.3 1 0
registro-backend/internal/orientamento/service.go:30.2,31.16 2 1
registro-backend/internal/orientamento/service.go:31.16,33.3 1 0
registro-backend/internal/orientamento/service.go:35.2,35.22 1 1
registro-backend/internal/orientamento/service.go:35.22,37.3 1 1
registro-backend/internal/orientamento/service.go:39.2,51.35 2 0
registro-backend/internal/orientamento/service.go:54.67,56.2 1 0
registro-backend/internal/orientamento/service.go:58.89,61.2 2 0
registro-backend/internal/orientamento/service.go:63.95,65.2 1 0
registro-backend/internal/orientamento/service.go:67.88,69.2 1 0
registro-backend/internal/classes/handler.go:13.44,15.2 1 0
registro-backend/internal/classes/handler.go:18.41,20.13 2 0
registro-backend/internal/classes/handler.go:20.13,22.3 1 0
registro-backend/internal/classes/handler.go:23.2,23.21 1 0
registro-backend/internal/classes/handler.go:26.42,28.47 2 0
registro-backend/internal/classes/handler.go:28.47,31.3 2 0
registro-backend/internal/classes/handler.go:34.2,37.20 2 0
registro-backend/internal/classes/handler.go:37.20,39.3 1 0
registro-backend/internal/classes/handler.go:41.2,41.20 1 0
registro-backend/internal/classes/handler.go:41.20,44.3 2 0
registro-backend/internal/classes/handler.go:46.2,47.16 2 0
registro-backend/internal/classes/handler.go:47.16,50.3 2 0
registro-backend/internal/classes/handler.go:51.2,51.35 1 0
registro-backend/internal/classes/handler.go:54.40,59.20 2 0
registro-backend/internal/classes/handler.go:59.20,61.3 1 0
registro-backend/internal/classes/handler.go:67.2,67.20 1 0
registro-backend/internal/classes/handler.go:67.20,70.3 2 0
registro-backend/internal/classes/handler.go:72.2,73.16 2 0
registro-backend/internal/classes/handler.go:73.16,76.3 2 0
registro-backend/internal/classes/handler.go:77.2,77.32 1 0
registro-backend/internal/classes/handler.go:80.39,82.16 2 0
registro-backend/internal/classes/handler.go:82.16,85.3 2 0
registro-backend/internal/classes/handler.go:86.2,86.30 1 0
registro-backend/internal/classes/handler.go:89.42,91.47 2 0
registro-backend/internal/classes/handler.go:91.47,94.3 2 0
registro-backend/internal/classes/handler.go:96.2,97.16 2 0
registro-backend/internal/classes/handler.go:97.16,100.3 2 0
registro-backend/internal/classes/handler.go:101.2,101.30 1 0
registro-backend/internal/classes/handler.go:104.42,105.82 1 0
registro-backend/internal/classes/handler.go:105.82,108.3 2 0
registro-backend/internal/classes/handler.go:109.2,109.32 1 0
registro-backend/internal/classes/handler.go:112.53,115.13 2 0
registro-backend/internal/classes/handler.go:115.13,126.21 2 0
registro-backend/internal/classes/handler.go:126.21,129.4 1 0
registro-backend/internal/classes/handler.go:133.2,134.13 2 0
registro-backend/internal/classes/handler.go:134.13,137.3 2 0
registro-backend/internal/classes/handler.go:139.2,140.16 2 0
registro-backend/internal/classes/handler.go:140.16,143.3 2 0
registro-backend/internal/classes/handler.go:144.2,144.32 1 0
registro-backend/internal/classes/handler.go:147.49,149.47 2 0
registro-backend/internal/classes/handler.go:149.47,152.3 2 0
registro-backend/internal/classes/handler.go:153.2,153.89 1 0
registro-backend/internal/classes/handler.go:153.89,156.3 2 0
registro-backend/internal/classes/handler.go:157.2,157.30 1 0
registro-backend/internal/classes/handler.go:160.52,162.16 2 0
registro-backend/internal/classes/handler.go:162.16,165.3 2 0
registro-backend/internal/classes/handler.go:166.2,166.28 1 0
registro-backend/internal/classes/handler.go:169.49,170.94 1 0
registro-backend/internal/classes/handler.go:170.94,173.3 2 0
registro-backend/internal/classes/handler.go:174.2,174.32 1 0
registro-backend/internal/classes/handler.go:177.55,179.2 2 0
registro-backend/internal/classes/handler.go:179.2,190.3 8 0
registro-backend/internal/classes/handler.go:193.2,193.49 1 0
registro-backend/internal/classes/repository.go:28.43,30.2 1 0
registro-backend/internal/classes/repository.go:34.139,36.22 1 0
registro-backend/internal/classes/repository.go:36.22,40.17 4 0
registro-backend/internal/classes/repository.go:40.17,42.4 1 0
registro-backend/internal/classes/repository.go:46.2,51.12 4 0
registro-backend/internal/classes/repository.go:54.94,57.2 2 0
registro-backend/internal/classes/repository.go:59.108,70.16 3 0
registro-backend/internal/classes/repository.go:70.16,72.3 1 0
registro-backend/internal/classes/repository.go:73.2,76.18 3 0
registro-backend/internal/classes/repository.go:76.18,82.17 4 0
registro-backend/internal/classes/repository.go:82.17,84.4 1 0
registro-backend/internal/classes/repository.go:85.3,85.17 1 0
registro-backend/internal/classes/repository.go:85.17,87.4 1 0
registro-backend/internal/classes/repository.go:88.3,88.32 1 0
registro-backend/internal/classes/repository.go:90.2,90.21 1 0
registro-backend/internal/classes/repository.go:95.104,106.16 3 0
registro-backend/internal/classes/repository.go:106.16,108.3 1 0
registro-backend/internal/classes/repository.go:109.2,112.18 3 0
registro-backend/internal/classes/repository.go:112.18,115.129 3 0
registro-backend/internal/classes/repository.go:115.129,117.4 1 0
registro-backend/internal/classes/repository.go:118.3,119.31 2 0
registro-backend/internal/classes/repository.go:121.2,121.21 1 0
registro-backend/internal/classes/repository.go:124.74,136.2 6 0
registro-backend/internal/classes/repository.go:138.90,142.16 3 0
registro-backend/internal/classes/repository.go:142.16,144.3 1 0
registro-backend/internal/classes/repository.go:145.2,148.18 3 0
registro-backend/internal/classes/repository.go:148.18,151.129 3 0
registro-backend/internal/classes/repository.go:151.129,153.4 1 0
registro-backend/internal/classes/repository.go:154.3,155.31 2 0
registro-backend/internal/classes/repository.go:157.2,157.21 1 0
registro-backend/internal/classes/repository.go:160.82,166.16 5 0
registro-backend/internal/classes/repository.go:166.16,168.3 1 0
registro-backend/internal/classes/repository.go:169.2,170.16 2 0
registro-backend/internal/classes/repository.go:173.74,180.16 4 0
registro-backend/internal/classes/repository.go:180.16,182.3 1 0
registro-backend/internal/classes/repository.go:183.2,184.12 2 0
registro-backend/internal/classes/repository.go:184.12,186.3 1 0
registro-backend/internal/classes/repository.go:187.2,187.12 1 0
registro-backend/internal/classes/repository.go:190.75,193.2 2 0
registro-backend/internal/classes/service.go:11.43,13.2 1 1
registro-backend/internal/classes/service.go:15.109,23.46 2 1
registro-backend/internal/classes/service.go:23.46,25.3 1 1
registro-backend/internal/classes/service.go:26.2,26.15 1 1
registro-backend/internal/classes/service.go:29.86,31.2 1 1
registro-backend/internal/classes/service.go:33.93,35.2 1 1
registro-backend/internal/classes/service.go:37.76,39.2 1 1
registro-backend/internal/classes/service.go:41.103,43.16 2 1
registro-backend/internal/classes/service.go:43.16,45.3 1 1
registro-backend/internal/classes/service.go:47.2,52.46 5 1
registro-backend/internal/classes/service.go:52.46,54.3 1 1
registro-backend/internal/classes/service.go:55.2,55.15 1 1
registro-backend/internal/classes/service.go:58.69,60.2 1 1
registro-backend/internal/classes/service.go:62.102,64.2 1 1
registro-backend/internal/classes/service.go:66.81,68.2 1 1
registro-backend/internal/classes/service.go:70.97,72.2 1 1
registro-backend/internal/middleware/auth.go:13.59,14.30 1 1
registro-backend/internal/middleware/auth.go:14.30,16.23 2 1
registro-backend/internal/middleware/auth.go:16.23,20.4 3 1
registro-backend/internal/middleware/auth.go:22.3,23.46 2 1
registro-backend/internal/middleware/auth.go:23.46,27.4 3 1
registro-backend/internal/middleware/auth.go:29.3,30.17 2 1
registro-backend/internal/middleware/auth.go:30.17,34.4 3 1
registro-backend/internal/middleware/auth.go:36.3,38.11 3 1
registro-backend/internal/middleware/circuitbreaker.go:14.27,17.60 3 0
registro-backend/internal/middleware/circuitbreaker.go:17.60,20.3 2 0
registro-backend/internal/middleware/circuitbreaker.go:21.2,23.44 2 0
registro-backend/internal/middleware/circuitbreaker.go:28.49,29.15 1 0
registro-backend/internal/middleware/circuitbreaker.go:29.15,31.3 1 0
registro-backend/internal/middleware/circuitbreaker.go:33.2,33.30 1 0
registro-backend/internal/middleware/circuitbreaker.go:33.30,34.52 1 0
registro-backend/internal/middleware/circuitbreaker.go:34.52,36.25 2 0
registro-backend/internal/middleware/circuitbreaker.go:36.25,38.5 1 0
registro-backend/internal/middleware/circuitbreaker.go:39.4,39.32 1 0
registro-backend/internal/middleware/circuitbreaker.go:39.32,41.5 1 0
registro-backend/internal/middleware/circuitbreaker.go:42.4,42.19 1 0
registro-backend/internal/middleware/circuitbreaker.go:45.3,45.61 1 0
registro-backend/internal/middleware/circuitbreaker.go:45.61,48.4 2 0
registro-backend/internal/middleware/cors.go:7.39,8.30 1 1
registro-backend/internal/middleware/cors.go:8.30,14.36 5 1
registro-backend/internal/middleware/cors.go:14.36,17.4 2 1
registro-backend/internal/middleware/cors.go:19.3,19.11 1 1
registro-backend/internal/middleware/error.go:9.40,10.30 1 1
registro-backend/internal/middleware/error.go:10.30,13.24 2 1
registro-backend/internal/middleware/error.go:13.24,15.31 1 1
registro-backend/internal/middleware/error.go:15.31,17.5 1 1
registro-backend/internal/middleware/error.go:18.4,18.24 1 1
registro-backend/internal/middleware/logging.go:11.41,12.30 1 1
registro-backend/internal/middleware/logging.go:12.30,19.24 5 1
registro-backend/internal/middleware/logging.go:19.24,28.4 1 0
registro-backend/internal/middleware/ratelimit.go:19.59,27.12 2 0
registro-backend/internal/middleware/ratelimit.go:27.12,28.7 1 0
registro-backend/internal/middleware/ratelimit.go:28.7,33.4 3 0
registro-backend/internal/middleware/ratelimit.go:36.2,36.10 1 0
registro-backend/internal/middleware/ratelimit.go:39.61,44.13 4 0
registro-backend/internal/middleware/ratelimit.go:44.13,47.3 2 0
registro-backend/internal/middleware/ratelimit.go:49.2,49.16 1 0
registro-backend/internal/middleware/ratelimit.go:52.44,56.30 2 0
registro-backend/internal/middleware/ratelimit.go:56.30,58.38 2 0
registro-backend/internal/middleware/ratelimit.go:58.38,62.4 3 0
registro-backend/internal/middleware/ratelimit.go:63.3,63.11 1 0
registro-backend/internal/postgres/admin_repository.go:18.54,20.2 1 0
registro-backend/internal/postgres/admin_repository.go:23.94,27.21 3 0
registro-backend/internal/postgres/admin_repository.go:27.21,30.3 2 0
registro-backend/internal/postgres/admin_repository.go:32.2,34.19 3 0
registro-backend/internal/postgres/admin_repository.go:38.92,42.21 3 0
registro-backend/internal/postgres/admin_repository.go:42.21,45.3 2 0
registro-backend/internal/postgres/admin_repository.go:47.2,49.19 3 0
registro-backend/internal/postgres/admin_repository.go:53.111,57.21 3 0
registro-backend/internal/postgres/admin_repository.go:57.21,60.3 2 0
registro-backend/internal/postgres/admin_repository.go:62.2,64.19 3 0
registro-backend/internal/postgres/admin_repository.go:68.101,72.21 3 0
registro-backend/internal/postgres/admin_repository.go:72.21,75.3 2 0
registro-backend/internal/postgres/admin_repository.go:77.2,79.26 3 0
registro-backend/internal/postgres/admin_repository.go:79.26,81.3 1 0
registro-backend/internal/postgres/admin_repository.go:82.2,82.19 1 0
registro-backend/internal/postgres/admin_repository.go:86.122,103.21 4 0
registro-backend/internal/postgres/admin_repository.go:103.21,107.3 3 0
registro-backend/internal/postgres/admin_repository.go:109.2,113.16 4 0
registro-backend/internal/postgres/admin_repository.go:113.16,115.3 1 0
registro-backend/internal/postgres/admin_repository.go:116.2,119.18 3 0
registro-backend/internal/postgres/admin_repository.go:119.18,131.17 4 0
registro-backend/internal/postgres/admin_repository.go:131.17,133.4 1 0
registro-backend/internal/postgres/admin_repository.go:135.3,135.23 1 0
registro-backend/internal/postgres/admin_repository.go:135.23,137.4 1 0
registro-backend/internal/postgres/admin_repository.go:139.3,139.33 1 0
registro-backend/internal/postgres/admin_repository.go:142.2,142.27 1 0
registro-backend/internal/postgres/admin_repository.go:146.99,149.46 2 0
registro-backend/internal/postgres/admin_repository.go:149.46,152.3 2 0
registro-backend/internal/postgres/admin_repository.go:155.2,168.98 4 0
registro-backend/internal/postgres/admin_repository.go:168.98,170.3 1 0
registro-backend/internal/postgres/admin_repository.go:170.8,170.111 1 0
registro-backend/internal/postgres/admin_repository.go:170.111,172.3 1 0
registro-backend/internal/postgres/admin_repository.go:174.2,179.8 1 0
registro-backend/internal/postgres/admin_repository.go:183.159,210.21 5 0
registro-backend/internal/postgres/admin_repository.go:210.21,215.3 4 0
registro-backend/internal/postgres/admin_repository.go:218.2,218.22 1 0
registro-backend/internal/postgres/admin_repository.go:218.22,224.3 5 0
registro-backend/internal/postgres/admin_repository.go:227.2,227.22 1 0
registro-backend/internal/postgres/admin_repository.go:227.22,233.3 5 0
registro-backend/internal/postgres/admin_repository.go:236.2,238.16 3 0
registro-backend/internal/postgres/admin_repository.go:238.16,240.3 1 0
registro-backend/internal/postgres/admin_repository.go:243.2,247.16 4 0
registro-backend/internal/postgres/admin_repository.go:247.16,249.3 1 0
registro-backend/internal/postgres/admin_repository.go:250.2,253.18 3 0
registro-backend/internal/postgres/admin_repository.go:253.18,272.17 3 0
registro-backend/internal/postgres/admin_repository.go:272.17,274.4 1 0
registro-backend/internal/postgres/admin_repository.go:275.3,275.36 1 0
registro-backend/internal/postgres/admin_repository.go:278.2,278.35 1 0
registro-backend/internal/postgres/admin_repository.go:282.106,323.26 4 0
registro-backend/internal/postgres/admin_repository.go:323.26,325.3 1 0
registro-backend/internal/postgres/admin_repository.go:326.2,326.16 1 0
registro-backend/internal/postgres/admin_repository.go:326.16,328.3 1 0
registro-backend/internal/postgres/admin_repository.go:330.2,330.21 1 0
registro-backend/internal/postgres/admin_repository.go:334.124,365.16 14 0
registro-backend/internal/postgres/admin_repository.go:365.16,367.3 1 0
registro-backend/internal/postgres/admin_repository.go:369.2,369.21 1 0
registro-backend/internal/postgres/admin_repository.go:373.141,379.20 4 0
registro-backend/internal/postgres/admin_repository.go:379.20,383.3 3 0
registro-backend/internal/postgres/admin_repository.go:384.2,384.23 1 0
registro-backend/internal/postgres/admin_repository.go:384.23,388.3 3 0
registro-backend/internal/postgres/admin_repository.go:389.2,389.20 1 0
registro-backend/internal/postgres/admin_repository.go:389.20,393.3 3 0
registro-backend/internal/postgres/admin_repository.go:394.2,394.24 1 0
registro-backend/internal/postgres/admin_repository.go:394.24,398.3 3 0
registro-backend/internal/postgres/admin_repository.go:399.2,399.23 1 0
registro-backend/internal/postgres/admin_repository.go:399.23,403.3 3 0
registro-backend/internal/postgres/admin_repository.go:404.2,404.21 1 0
registro-backend/internal/postgres/admin_repository.go:404.21,408.3 3 0
registro-backend/internal/postgres/admin_repository.go:409.2,409.21 1 0
registro-backend/internal/postgres/admin_repository.go:409.21,413.3 3 0
registro-backend/internal/postgres/admin_repository.go:414.2,414.23 1 0
registro-backend/internal/postgres/admin_repository.go:414.23,418.3 3 0
registro-backend/internal/postgres/admin_repository.go:419.2,419.25 1 0
registro-backend/internal/postgres/admin_repository.go:419.25,423.3 3 0
registro-backend/internal/postgres/admin_repository.go:425.2,429.16 4 0
registro-backend/internal/postgres/admin_repository.go:429.16,431.3 1 0
registro-backend/internal/postgres/admin_repository.go:434.2,434.35 1 0
registro-backend/internal/postgres/admin_repository.go:438.84,441.2 2 0
registro-backend/internal/postgres/admin_repository.go:444.92,448.2 3 0
registro-backend/internal/postgres/admin_repository.go:451.146,472.48 5 0
registro-backend/internal/postgres/admin_repository.go:472.48,477.3 4 0
registro-backend/internal/postgres/admin_repository.go:480.2,485.98 4 0
registro-backend/internal/postgres/admin_repository.go:485.98,487.3 1 0
registro-backend/internal/postgres/admin_repository.go:489.2,490.16 2 0
registro-backend/internal/postgres/admin_repository.go:490.16,492.3 1 0
registro-backend/internal/postgres/admin_repository.go:493.2,496.18 3 0
registro-backend/internal/postgres/admin_repository.go:496.18,512.17 5 0
registro-backend/internal/postgres/admin_repository.go:512.17,514.4 1 0
registro-backend/internal/postgres/admin_repository.go:516.3,516.21 1 0
registro-backend/internal/postgres/admin_repository.go:516.21,518.4 1 0
registro-backend/internal/postgres/admin_repository.go:519.3,519.23 1 0
registro-backend/internal/postgres/admin_repository.go:519.23,521.4 1 0
registro-backend/internal/postgres/admin_repository.go:524.3,526.22 3 0
registro-backend/internal/postgres/admin_repository.go:526.22,528.4 1 0
registro-backend/internal/postgres/admin_repository.go:530.3,530.27 1 0
registro-backend/internal/postgres/admin_repository.go:533.2,533.26 1 0
registro-backend/internal/postgres/admin_repository.go:537.129,562.16 6 0
registro-backend/internal/postgres/admin_repository.go:562.16,564.3 1 0
registro-backend/internal/postgres/admin_repository.go:567.2,568.25 2 0
registro-backend/internal/postgres/admin_repository.go:568.25,570.3 1 0
registro-backend/internal/postgres/admin_repository.go:572.2,582.8 1 0
registro-backend/internal/postgres/admin_repository.go:586.145,591.25 4 0
registro-backend/internal/postgres/admin_repository.go:591.25,595.3 3 0
registro-backend/internal/postgres/admin_repository.go:596.2,596.24 1 0
registro-backend/internal/postgres/admin_repository.go:596.24,600.3 3 0
registro-backend/internal/postgres/admin_repository.go:601.2,601.25 1 0
registro-backend/internal/postgres/admin_repository.go:601.25,605.3 3 0
registro-backend/internal/postgres/admin_repository.go:606.2,606.25 1 0
registro-backend/internal/postgres/admin_repository.go:606.25,610.3 3 0
registro-backend/internal/postgres/admin_repository.go:612.2,616.76 4 0
registro-backend/internal/postgres/admin_repository.go:616.76,618.3 1 0
registro-backend/internal/postgres/admin_repository.go:622.2,622.46 1 0
registro-backend/internal/postgres/admin_repository.go:626.86,628.16 2 0
registro-backend/internal/postgres/admin_repository.go:628.16,630.3 1 0
registro-backend/internal/postgres/admin_repository.go:631.2,632.15 2 0
registro-backend/internal/postgres/admin_repository.go:632.15,634.3 1 0
registro-backend/internal/postgres/admin_repository.go:635.2,635.12 1 0
registro-backend/internal/postgres/admin_repository.go:639.92,643.2 3 0
registro-backend/internal/postgres/admin_repository.go:646.126,667.16 3 0
registro-backend/internal/postgres/admin_repository.go:667.16,669.3 1 0
registro-backend/internal/postgres/admin_repository.go:670.2,673.18 3 0
registro-backend/internal/postgres/admin_repository.go:673.18,689.17 5 0
registro-backend/internal/postgres/admin_repository.go:689.17,691.4 1 0
registro-backend/internal/postgres/admin_repository.go:693.3,693.21 1 0
registro-backend/internal/postgres/admin_repository.go:693.21,695.4 1 0
registro-backend/internal/postgres/admin_repository.go:696.3,696.23 1 0
registro-backend/internal/postgres/admin_repository.go:696.23,698.4 1 0
registro-backend/internal/postgres/admin_repository.go:700.3,700.35 1 0
registro-backend/internal/postgres/admin_repository.go:703.2,703.28 1 0
registro-backend/internal/postgres/admin_repository.go:707.147,729.23 5 0
registro-backend/internal/postgres/admin_repository.go:729.23,734.3 4 0
registro-backend/internal/postgres/admin_repository.go:736.2,736.22 1 0
registro-backend/internal/postgres/admin_repository.go:736.22,741.3 4 0
registro-backend/internal/postgres/admin_repository.go:743.2,743.24 1 0
registro-backend/internal/postgres/admin_repository.go:743.24,748.3 4 0
registro-backend/internal/postgres/admin_repository.go:751.2,752.84 2 0
registro-backend/internal/postgres/admin_repository.go:752.84,754.3 1 0
registro-backend/internal/postgres/admin_repository.go:757.2,761.16 4 0
registro-backend/internal/postgres/admin_repository.go:761.16,763.3 1 0
registro-backend/internal/postgres/admin_repository.go:764.2,767.18 3 0
registro-backend/internal/postgres/admin_repository.go:767.18,783.17 5 0
registro-backend/internal/postgres/admin_repository.go:783.17,785.4 1 0
registro-backend/internal/postgres/admin_repository.go:787.3,787.21 1 0
registro-backend/internal/postgres/admin_repository.go:787.21,789.4 1 0
registro-backend/internal/postgres/admin_repository.go:790.3,790.23 1 0
registro-backend/internal/postgres/admin_repository.go:790.23,792.4 1 0
registro-backend/internal/postgres/admin_repository.go:794.3,794.35 1 0
registro-backend/internal/postgres/admin_repository.go:797.2,797.28 1 0
registro-backend/internal/postgres/admin_repository.go:801.157,815.2 4 0
registro-backend/internal/notes/handler.go:13.44,15.2 1 0
registro-backend/internal/notes/handler.go:17.42,22.47 4 0
registro-backend/internal/notes/handler.go:22.47,25.3 2 0
registro-backend/internal/notes/handler.go:27.2,28.16 2 0
registro-backend/internal/notes/handler.go:28.16,31.3 2 0
registro-backend/internal/notes/handler.go:32.2,32.34 1 0
registro-backend/internal/notes/handler.go:35.42,40.47 4 0
registro-backend/internal/notes/handler.go:40.47,43.3 2 0
registro-backend/internal/notes/handler.go:45.2,46.16 2 0
registro-backend/internal/notes/handler.go:46.16,47.61 1 0
registro-backend/internal/notes/handler.go:47.61,50.4 2 0
registro-backend/internal/notes/handler.go:51.3,52.9 2 0
registro-backend/internal/notes/handler.go:54.2,54.29 1 0
registro-backend/internal/notes/handler.go:57.42,61.82 3 0
registro-backend/internal/notes/handler.go:61.82,62.63 1 0
registro-backend/internal/notes/handler.go:62.63,65.4 2 0
registro-backend/internal/notes/handler.go:66.3,67.9 2 0
registro-backend/internal/notes/handler.go:69.2,69.32 1 0
registro-backend/internal/notes/handler.go:72.40,90.16 3 0
registro-backend/internal/notes/handler.go:90.16,93.3 2 0
registro-backend/internal/notes/handler.go:94.2,94.30 1 0
registro-backend/internal/notes/handler.go:97.55,99.2 2 0
registro-backend/internal/notes/handler.go:99.2,104.3 4 0
registro-backend/internal/notes/repository.go:24.43,26.2 1 0
registro-backend/internal/notes/repository.go:28.80,42.2 6 0
registro-backend/internal/notes/repository.go:44.80,53.2 4 0
registro-backend/internal/notes/repository.go:55.75,58.2 2 0
registro-backend/internal/notes/repository.go:60.88,71.16 5 0
registro-backend/internal/notes/repository.go:71.16,73.3 1 0
registro-backend/internal/notes/repository.go:74.2,74.21 1 0
registro-backend/internal/notes/repository.go:74.21,77.3 2 0
registro-backend/internal/notes/repository.go:78.2,78.16 1 0
registro-backend/internal/notes/repository.go:81.98,94.28 4 0
registro-backend/internal/notes/repository.go:94.28,98.3 3 0
registro-backend/internal/notes/repository.go:99.2,99.26 1 0
registro-backend/internal/notes/repository.go:99.26,103.3 3 0
registro-backend/internal/notes/repository.go:104.2,104.28 1 0
registro-backend/internal/notes/repository.go:104.28,108.3 3 0
registro-backend/internal/notes/repository.go:109.2,109.23 1 0
registro-backend/internal/notes/repository.go:109.23,113.3 3 0
registro-backend/internal/notes/repository.go:114.2,114.27 1 0
registro-backend/internal/notes/repository.go:114.27,118.3 3 0
registro-backend/internal/notes/repository.go:120.2,123.16 3 0
registro-backend/internal/notes/repository.go:123.16,125.3 1 0
registro-backend/internal/notes/repository.go:126.2,129.18 3 0
registro-backend/internal/notes/repository.go:129.18,137.17 4 0
registro-backend/internal/notes/repository.go:137.17,139.4 1 0
registro-backend/internal/notes/repository.go:140.3,140.22 1 0
registro-backend/internal/notes/repository.go:140.22,143.4 2 0
registro-backend/internal/notes/repository.go:144.3,144.24 1 0
registro-backend/internal/notes/repository.go:144.24,146.4 1 0
registro-backend/internal/notes/repository.go:147.3,147.27 1 0
registro-backend/internal/notes/repository.go:149.2,149.19 1 0
registro-backend/internal/notes/service.go:12.43,14.2 1 1
registro-backend/internal/notes/service.go:16.124,28.46 2 1
registro-backend/internal/notes/service.go:28.46,30.3 1 1
registro-backend/internal/notes/service.go:31.2,31.15 1 1
registro-backend/internal/notes/service.go:34.122,37.16 2 1
registro-backend/internal/notes/service.go:37.16,39.3 1 1
registro-backend/internal/notes/service.go:40.2,40.30 1 1
registro-backend/internal/notes/service.go:40.30,42.3 1 1
registro-backend/internal/notes/service.go:44.2,44.20 1 1
registro-backend/internal/notes/service.go:44.20,46.3 1 1
registro-backend/internal/notes/service.go:47.2,47.20 1 1
registro-backend/internal/notes/service.go:47.20,49.3 1 1
registro-backend/internal/notes/service.go:50.2,50.20 1 1
registro-backend/internal/notes/service.go:50.20,52.3 1 1
registro-backend/internal/notes/service.go:54.2,54.46 1 1
registro-backend/internal/notes/service.go:54.46,56.3 1 1
registro-backend/internal/notes/service.go:57.2,57.15 1 1
registro-backend/internal/notes/service.go:60.83,62.16 2 1
registro-backend/internal/notes/service.go:62.16,64.3 1 1
registro-backend/internal/notes/service.go:65.2,65.30 1 1
registro-backend/internal/notes/service.go:65.30,67.3 1 1
registro-backend/internal/notes/service.go:68.2,68.35 1 1
registro-backend/internal/notes/service.go:71.92,73.2 1 1
registro-backend/internal/scheduling/analytics.go:7.61,9.2 1 1
registro-backend/internal/scheduling/analytics.go:11.73,17.2 1 0
registro-backend/internal/scheduling/calendar.go:9.44,11.2 1 1
registro-backend/internal/scheduling/calendar.go:13.98,22.2 4 0
registro-backend/internal/scheduling/handler.go:13.37,15.2 1 0
registro-backend/internal/scheduling/handler.go:17.54,31.2 9 0
registro-backend/internal/scheduling/handler.go:33.46,35.47 2 0
registro-backend/internal/scheduling/handler.go:35.47,38.3 2 0
registro-backend/internal/scheduling/handler.go:39.2,40.80 2 0
registro-backend/internal/scheduling/handler.go:40.80,43.3 2 0
registro-backend/internal/scheduling/handler.go:44.2,44.62 1 0
registro-backend/internal/scheduling/handler.go:47.46,50.16 3 0
registro-backend/internal/scheduling/handler.go:50.16,53.3 2 0
registro-backend/internal/scheduling/handler.go:54.2,54.28 1 0
registro-backend/internal/scheduling/handler.go:57.46,60.78 3 0
registro-backend/internal/scheduling/handler.go:60.78,63.3 2 0
registro-backend/internal/scheduling/handler.go:64.2,64.52 1 0
registro-backend/internal/scheduling/handler.go:67.54,70.16 3 0
registro-backend/internal/scheduling/handler.go:70.16,73.3 2 0
registro-backend/internal/scheduling/handler.go:74.2,74.28 1 0
registro-backend/internal/scheduling/handler.go:77.53,80.16 3 0
registro-backend/internal/scheduling/handler.go:80.16,83.3 2 0
registro-backend/internal/scheduling/handler.go:84.2,84.28 1 0
registro-backend/internal/scheduling/handler.go:87.44,89.47 2 0
registro-backend/internal/scheduling/handler.go:89.47,92.3 2 0
registro-backend/internal/scheduling/handler.go:93.2,95.16 3 0
registro-backend/internal/scheduling/handler.go:95.16,98.3 2 0
registro-backend/internal/scheduling/handler.go:99.2,99.33 1 0
registro-backend/internal/scheduling/handler.go:102.53,105.16 3 0
registro-backend/internal/scheduling/handler.go:105.16,108.3 2 0
registro-backend/internal/scheduling/handler.go:109.2,109.28 1 0
registro-backend/internal/scheduling/handler.go:112.49,115.81 3 0
registro-backend/internal/scheduling/handler.go:115.81,118.3 2 0
registro-backend/internal/scheduling/handler.go:119.2,119.54 1 0
registro-backend/internal/scheduling/notifications.go:7.52,9.2 1 1
registro-backend/internal/scheduling/notifications.go:11.106,14.2 1 1
registro-backend/internal/scheduling/repository.go:38.43,40.2 1 0
registro-backend/internal/scheduling/repository.go:42.81,49.2 2 0
registro-backend/internal/scheduling/repository.go:51.115,55.2 2 0
registro-backend/internal/scheduling/repository.go:57.134,62.21 3 0
registro-backend/internal/scheduling/repository.go:62.21,65.3 2 0
registro-backend/internal/scheduling/repository.go:66.2,68.46 2 0
registro-backend/internal/scheduling/repository.go:71.90,78.16 4 0
registro-backend/internal/scheduling/repository.go:78.16,80.3 1 0
registro-backend/internal/scheduling/repository.go:81.2,81.16 1 0
registro-backend/internal/scheduling/repository.go:84.78,87.2 2 0
registro-backend/internal/scheduling/repository.go:89.84,91.16 2 0
registro-backend/internal/scheduling/repository.go:91.16,93.3 1 0
registro-backend/internal/scheduling/repository.go:94.2,99.16 4 0
registro-backend/internal/scheduling/repository.go:99.16,101.3 1 0
registro-backend/internal/scheduling/repository.go:103.2,103.20 1 0
registro-backend/internal/scheduling/repository.go:103.20,105.3 1 0
registro-backend/internal/scheduling/repository.go:108.2,110.16 3 0
registro-backend/internal/scheduling/repository.go:110.16,112.3 1 0
registro-backend/internal/scheduling/repository.go:115.2,116.16 2 0
registro-backend/internal/scheduling/repository.go:116.16,118.3 1 0
registro-backend/internal/scheduling/repository.go:120.2,120.20 1 0
registro-backend/internal/scheduling/repository.go:123.92,129.2 3 0
registro-backend/internal/scheduling/repository.go:130.108,132.2 1 0
registro-backend/internal/scheduling/repository.go:134.110,142.2 2 0
registro-backend/internal/scheduling/repository.go:144.84,152.2 2 0
registro-backend/internal/scheduling/repository.go:154.134,172.2 4 0
registro-backend/internal/scheduling/repository.go:174.100,179.26 3 0
registro-backend/internal/scheduling/repository.go:179.26,182.3 1 0
registro-backend/internal/scheduling/repository.go:183.2,183.16 1 0
registro-backend/internal/scheduling/repository.go:186.86,197.2 3 0
registro-backend/internal/scheduling/repository.go:199.101,202.2 1 0
registro-backend/internal/scheduling/repository.go:205.114,207.16 2 0
registro-backend/internal/scheduling/repository.go:207.16,209.3 1 0
registro-backend/internal/scheduling/repository.go:210.2,212.18 3 0
registro-backend/internal/scheduling/repository.go:212.18,215.162 2 0
registro-backend/internal/scheduling/repository.go:215.162,217.4 1 0
registro-backend/internal/scheduling/repository.go:218.3,218.27 1 0
registro-backend/internal/scheduling/repository.go:220.2,220.19 1 0
registro-backend/internal/scheduling/repository.go:223.120,225.16 2 0
registro-backend/internal/scheduling/repository.go:225.16,227.3 1 0
registro-backend/internal/scheduling/repository.go:228.2,230.18 3 0
registro-backend/internal/scheduling/repository.go:230.18,232.114 2 0
registro-backend/internal/scheduling/repository.go:232.114,234.4 1 0
registro-backend/internal/scheduling/repository.go:235.3,235.33 1 0
registro-backend/internal/scheduling/repository.go:237.2,237.22 1 0
registro-backend/internal/scheduling/service.go:33.42,41.2 1 1
registro-backend/internal/scheduling/service.go:43.99,58.25 5 1
registro-backend/internal/scheduling/service.go:58.25,60.3 1 0
registro-backend/internal/scheduling/service.go:62.2,62.55 1 1
registro-backend/internal/scheduling/service.go:62.55,64.3 1 0
registro-backend/internal/scheduling/service.go:66.2,66.37 1 1
registro-backend/internal/scheduling/service.go:69.93,74.16 4 0
registro-backend/internal/scheduling/service.go:74.16,76.3 1 0
registro-backend/internal/scheduling/service.go:77.2,77.33 1 0
registro-backend/internal/scheduling/service.go:80.83,84.16 2 0
registro-backend/internal/scheduling/service.go:84.16,86.3 1 0
registro-backend/internal/scheduling/service.go:87.2,87.33 1 0
registro-backend/internal/scheduling/service.go:87.33,89.3 1 0
registro-backend/internal/scheduling/service.go:91.2,92.37 2 0
registro-backend/internal/scheduling/service.go:95.100,99.16 4 0
registro-backend/internal/scheduling/service.go:99.16,101.3 1 0
registro-backend/internal/scheduling/service.go:102.2,102.33 1 0
registro-backend/internal/scheduling/service.go:105.113,107.16 2 1
registro-backend/internal/scheduling/service.go:107.16,109.3 1 0
registro-backend/internal/scheduling/service.go:111.2,112.68 2 1
registro-backend/internal/scheduling/service.go:112.68,114.3 1 0
registro-backend/internal/scheduling/service.go:117.2,118.15 2 1
registro-backend/internal/scheduling/service.go:118.15,120.3 1 1
registro-backend/internal/scheduling/service.go:122.2,129.59 2 1
registro-backend/internal/scheduling/service.go:129.59,131.3 1 0
registro-backend/internal/scheduling/service.go:133.2,136.71 2 1
registro-backend/internal/scheduling/service.go:139.102,142.22 3 0
registro-backend/internal/scheduling/service.go:142.22,144.3 1 0
registro-backend/internal/scheduling/service.go:144.8,146.3 1 0
registro-backend/internal/scheduling/service.go:147.2,147.16 1 0
registro-backend/internal/scheduling/service.go:147.16,149.3 1 0
registro-backend/internal/scheduling/service.go:151.2,151.39 1 0
registro-backend/internal/scheduling/service.go:154.86,156.16 2 0
registro-backend/internal/scheduling/service.go:156.16,158.3 1 0
registro-backend/internal/scheduling/service.go:162.2,163.37 2 0
registro-backend/internal/scheduling/service.go:166.89,169.2 1 0
registro-backend/internal/scheduling/service.go:171.81,173.2 1 0
registro-backend/internal/scheduling/service.go:176.57,178.26 2 0
registro-backend/internal/scheduling/service.go:178.26,183.3 1 0
registro-backend/internal/scheduling/service.go:184.2,184.12 1 0
registro-backend/internal/scheduling/service.go:187.69,189.29 2 0
registro-backend/internal/scheduling/service.go:189.29,191.3 1 0
registro-backend/internal/scheduling/service.go:192.2,192.12 1 0
registro-backend/internal/scheduling/validator.go:10.32,12.2 1 1
registro-backend/internal/scheduling/validator.go:14.58,15.34 1 1
registro-backend/internal/scheduling/validator.go:15.34,17.3 1 0
registro-backend/internal/scheduling/validator.go:18.2,18.56 1 1
registro-backend/internal/scheduling/validator.go:18.56,20.3 1 1
registro-backend/internal/scheduling/validator.go:21.2,21.12 1 1
registro-backend/internal/scheduling/validator.go:24.93,31.37 4 1
registro-backend/internal/scheduling/validator.go:31.37,33.3 1 0
registro-backend/internal/scheduling/validator.go:36.2,37.32 2 1
registro-backend/internal/scheduling/validator.go:37.32,39.3 1 0
registro-backend/internal/scheduling/validator.go:41.2,41.12 1 1
registro-backend/internal/schools/handler.go:15.44,17.2 1 0
registro-backend/internal/schools/handler.go:21.42,23.47 2 0
registro-backend/internal/schools/handler.go:23.47,26.3 2 0
registro-backend/internal/schools/handler.go:28.2,29.16 2 0
registro-backend/internal/schools/handler.go:29.16,32.3 2 0
registro-backend/internal/schools/handler.go:34.2,34.36 1 0
registro-backend/internal/schools/handler.go:39.39,42.16 3 0
registro-backend/internal/schools/handler.go:42.16,45.3 2 0
registro-backend/internal/schools/handler.go:46.2,46.19 1 0
registro-backend/internal/schools/handler.go:46.19,49.3 2 0
registro-backend/internal/schools/handler.go:50.2,50.31 1 0
registro-backend/internal/schools/handler.go:55.40,57.51 2 0
registro-backend/internal/schools/handler.go:57.51,60.3 2 0
registro-backend/internal/schools/handler.go:62.2,63.16 2 0
registro-backend/internal/schools/handler.go:63.16,66.3 2 0
registro-backend/internal/schools/handler.go:68.2,72.4 1 0
registro-backend/internal/schools/handler.go:77.42,80.47 3 0
registro-backend/internal/schools/handler.go:80.47,83.3 2 0
registro-backend/internal/schools/handler.go:85.2,85.72 1 0
registro-backend/internal/schools/handler.go:85.72,88.3 2 0
registro-backend/internal/schools/handler.go:90.2,90.59 1 0
registro-backend/internal/schools/handler.go:95.42,97.66 2 0
registro-backend/internal/schools/handler.go:97.66,100.3 2 0
registro-backend/internal/schools/handler.go:101.2,101.59 1 0
registro-backend/internal/schools/handler.go:105.59,107.2 2 0
registro-backend/internal/schools/handler.go:107.2,113.3 5 0
registro-backend/internal/schools/repository.go:18.52,20.2 1 0
registro-backend/internal/schools/repository.go:23.80,37.2 6 0
registro-backend/internal/schools/repository.go:40.87,47.26 4 0
registro-backend/internal/schools/repository.go:47.26,49.3 1 0
registro-backend/internal/schools/repository.go:50.2,50.20 1 0
registro-backend/internal/schools/repository.go:54.100,55.21 1 0
registro-backend/internal/schools/repository.go:55.21,57.3 1 0
registro-backend/internal/schools/repository.go:58.2,59.18 2 0
registro-backend/internal/schools/repository.go:59.18,61.3 1 0
registro-backend/internal/schools/repository.go:62.2,62.18 1 0
registro-backend/internal/schools/repository.go:62.18,64.3 1 0
registro-backend/internal/schools/repository.go:65.2,72.25 5 0
registro-backend/internal/schools/repository.go:72.25,76.3 3 0
registro-backend/internal/schools/repository.go:78.2,80.16 3 0
registro-backend/internal/schools/repository.go:80.16,82.3 1 0
registro-backend/internal/schools/repository.go:85.2,86.25 2 0
registro-backend/internal/schools/repository.go:86.25,88.3 1 0
registro-backend/internal/schools/repository.go:89.2,92.16 3 0
registro-backend/internal/schools/repository.go:92.16,94.3 1 0
registro-backend/internal/schools/repository.go:95.2,98.18 3 0
registro-backend/internal/schools/repository.go:98.18,103.17 2 0
registro-backend/internal/schools/repository.go:103.17,105.4 1 0
registro-backend/internal/schools/repository.go:106.3,106.31 1 0
registro-backend/internal/schools/repository.go:108.2,108.28 1 0
registro-backend/internal/schools/repository.go:112.101,117.21 4 0
registro-backend/internal/schools/repository.go:117.21,121.3 3 0
registro-backend/internal/schools/repository.go:122.2,122.21 1 0
registro-backend/internal/schools/repository.go:122.21,126.3 3 0
registro-backend/internal/schools/repository.go:127.2,127.24 1 0
registro-backend/internal/schools/repository.go:127.24,131.3 3 0
registro-backend/internal/schools/repository.go:132.2,132.21 1 0
registro-backend/internal/schools/repository.go:132.21,136.3 3 0
registro-backend/internal/schools/repository.go:137.2,137.22 1 0
registro-backend/internal/schools/repository.go:137.22,141.3 3 0
registro-backend/internal/schools/repository.go:142.2,142.22 1 0
registro-backend/internal/schools/repository.go:142.22,146.3 3 0
registro-backend/internal/schools/repository.go:148.2,152.12 4 0
registro-backend/internal/schools/repository.go:156.75,160.2 3 0
registro-backend/internal/schools/service.go:20.43,22.2 1 1
registro-backend/internal/schools/service.go:25.90,34.51 2 1
registro-backend/internal/schools/service.go:34.51,36.3 1 1
registro-backend/internal/schools/service.go:37.2,37.20 1 1
registro-backend/internal/schools/service.go:41.76,43.2 1 1
registro-backend/internal/schools/service.go:46.89,48.2 1 1
registro-backend/internal/schools/service.go:51.90,53.2 1 1
registro-backend/internal/schools/service.go:56.64,58.2 1 1
registro-backend/internal/documents/exporter.go:10.30,12.2 1 1
registro-backend/internal/documents/exporter.go:14.73,20.2 3 0
registro-backend/internal/documents/exporter.go:22.74,26.2 3 0
registro-backend/internal/documents/handler.go:13.37,15.2 1 0
registro-backend/internal/documents/handler.go:17.54,38.2 10 0
registro-backend/internal/documents/handler.go:40.50,42.47 2 0
registro-backend/internal/documents/handler.go:42.47,45.3 2 0
registro-backend/internal/documents/handler.go:46.2,48.16 3 0
registro-backend/internal/documents/handler.go:48.16,51.3 2 0
registro-backend/internal/documents/handler.go:52.2,52.33 1 0
registro-backend/internal/documents/handler.go:55.47,58.16 3 0
registro-backend/internal/documents/handler.go:58.16,61.3 2 0
registro-backend/internal/documents/handler.go:62.2,62.28 1 0
registro-backend/internal/documents/handler.go:65.50,68.47 3 0
registro-backend/internal/documents/handler.go:68.47,71.3 2 0
registro-backend/internal/documents/handler.go:72.2,73.87 2 0
registro-backend/internal/documents/handler.go:73.87,76.3 2 0
registro-backend/internal/documents/handler.go:77.2,77.52 1 0
registro-backend/internal/documents/handler.go:80.51,83.47 3 0
registro-backend/internal/documents/handler.go:83.47,86.3 2 0
registro-backend/internal/documents/handler.go:87.2,88.88 2 0
registro-backend/internal/documents/handler.go:88.88,91.3 2 0
registro-backend/internal/documents/handler.go:92.2,92.54 1 0
registro-backend/internal/documents/handler.go:95.48,98.47 3 0
registro-backend/internal/documents/handler.go:98.47,101.3 2 0
registro-backend/internal/documents/handler.go:102.2,103.85 2 0
registro-backend/internal/documents/handler.go:103.85,106.3 2 0
registro-backend/internal/documents/handler.go:107.2,107.51 1 0
registro-backend/internal/documents/handler.go:110.44,112.16 2 0
registro-backend/internal/documents/handler.go:112.16,115.3 2 0
registro-backend/internal/documents/handler.go:116.2,116.28 1 0
registro-backend/internal/documents/handler.go:119.50,121.16 2 0
registro-backend/internal/documents/handler.go:121.16,124.3 2 0
registro-backend/internal/documents/handler.go:125.2,125.28 1 0
registro-backend/internal/documents/handler.go:128.50,130.47 2 0
registro-backend/internal/documents/handler.go:130.47,133.3 2 0
registro-backend/internal/documents/handler.go:134.2,134.75 1 0
registro-backend/internal/documents/handler.go:134.75,137.3 2 0
registro-backend/internal/documents/handler.go:138.2,138.66 1 0
registro-backend/internal/documents/handler.go:141.50,145.16 4 0
registro-backend/internal/documents/handler.go:145.16,148.3 2 0
registro-backend/internal/documents/handler.go:149.2,149.42 1 0
registro-backend/internal/documents/model.go:96.35,97.60 1 1
registro-backend/internal/documents/model.go:97.60,99.3 1 0
registro-backend/internal/documents/model.go:100.2,100.24 1 1
registro-backend/internal/documents/model.go:100.24,101.53 1 0
registro-backend/internal/documents/model.go:101.53,103.4 1 0
registro-backend/internal/documents/model.go:105.2,105.13 1 1
registro-backend/internal/documents/repository.go:37.43,39.2 1 0
registro-backend/internal/documents/repository.go:41.64,43.16 2 0
registro-backend/internal/documents/repository.go:43.16,45.3 1 0
registro-backend/internal/documents/repository.go:46.2,60.16 4 0
registro-backend/internal/documents/repository.go:60.16,62.3 1 0
registro-backend/internal/documents/repository.go:65.2,70.16 3 0
registro-backend/internal/documents/repository.go:70.16,72.3 1 0
registro-backend/internal/documents/repository.go:74.2,74.20 1 0
registro-backend/internal/documents/repository.go:77.78,79.16 2 0
registro-backend/internal/documents/repository.go:79.16,81.3 1 0
registro-backend/internal/documents/repository.go:82.2,93.16 5 0
registro-backend/internal/documents/repository.go:93.16,95.3 1 0
registro-backend/internal/documents/repository.go:98.2,104.16 3 0
registro-backend/internal/documents/repository.go:104.16,106.3 1 0
registro-backend/internal/documents/repository.go:108.2,109.20 2 0
registro-backend/internal/documents/repository.go:112.73,115.2 2 0
registro-backend/internal/documents/repository.go:117.61,129.16 4 0
registro-backend/internal/documents/repository.go:129.16,131.3 1 0
registro-backend/internal/documents/repository.go:132.2,132.16 1 0
registro-backend/internal/documents/repository.go:135.76,139.2 3 0
registro-backend/internal/documents/repository.go:141.75,144.16 3 0
registro-backend/internal/documents/repository.go:144.16,146.3 1 0
registro-backend/internal/documents/repository.go:147.2,150.18 3 0
registro-backend/internal/documents/repository.go:150.18,152.99 2 0
registro-backend/internal/documents/repository.go:152.99,154.4 1 0
registro-backend/internal/documents/repository.go:155.3,155.25 1 0
registro-backend/internal/documents/repository.go:157.2,157.18 1 0
registro-backend/internal/documents/repository.go:160.70,162.2 1 0
registro-backend/internal/documents/repository.go:164.74,166.2 1 0
registro-backend/internal/documents/repository.go:168.68,170.2 1 0
registro-backend/internal/documents/repository.go:172.74,174.2 1 0
registro-backend/internal/documents/repository.go:176.65,178.16 2 0
registro-backend/internal/documents/repository.go:178.16,180.3 1 0
registro-backend/internal/documents/repository.go:181.2,188.16 3 0
registro-backend/internal/documents/repository.go:188.16,190.3 1 0
registro-backend/internal/documents/repository.go:193.2,196.16 2 0
registro-backend/internal/documents/repository.go:196.16,198.3 1 0
registro-backend/internal/documents/repository.go:200.2,200.20 1 0
registro-backend/internal/documents/repository.go:203.79,205.16 2 0
registro-backend/internal/documents/repository.go:205.16,207.3 1 0
registro-backend/internal/documents/repository.go:208.2,211.18 3 0
registro-backend/internal/documents/repository.go:211.18,213.61 2 0
registro-backend/internal/documents/repository.go:213.61,215.4 1 0
registro-backend/internal/documents/repository.go:216.3,216.25 1 0
registro-backend/internal/documents/repository.go:218.2,218.18 1 0
registro-backend/internal/documents/repository.go:222.80,224.16 2 0
registro-backend/internal/documents/repository.go:224.16,226.3 1 0
registro-backend/internal/documents/repository.go:227.2,229.18 3 0
registro-backend/internal/documents/repository.go:229.18,233.3 3 0
registro-backend/internal/documents/repository.go:234.2,234.18 1 0
registro-backend/internal/documents/repository.go:237.72,241.2 3 0
registro-backend/internal/documents/repository.go:243.64,247.2 1 0
registro-backend/internal/documents/repository.go:250.87,254.16 2 0
registro-backend/internal/documents/repository.go:254.16,256.3 1 0
registro-backend/internal/documents/repository.go:257.2,260.18 3 0
registro-backend/internal/documents/repository.go:260.18,266.17 2 0
registro-backend/internal/documents/repository.go:266.17,268.4 1 0
registro-backend/internal/documents/repository.go:269.3,269.25 1 0
registro-backend/internal/documents/repository.go:271.2,271.18 1 0
registro-backend/internal/documents/service.go:40.42,49.2 1 1
registro-backend/internal/documents/service.go:51.128,55.27 2 1
registro-backend/internal/documents/service.go:55.27,57.17 2 0
registro-backend/internal/documents/service.go:57.17,61.4 2 0
registro-backend/internal/documents/service.go:64.2,74.67 2 1
registro-backend/internal/documents/service.go:74.67,76.3 1 0
registro-backend/internal/documents/service.go:78.2,78.52 1 1
registro-backend/internal/documents/service.go:78.52,80.3 1 0
registro-backend/internal/documents/service.go:82.2,82.85 1 1
registro-backend/internal/documents/service.go:85.96,87.16 2 0
registro-backend/internal/documents/service.go:87.16,89.3 1 0
registro-backend/internal/documents/service.go:91.2,96.27 5 0
registro-backend/internal/documents/service.go:96.27,98.3 1 0
registro-backend/internal/documents/service.go:100.2,109.8 1 0
registro-backend/internal/documents/service.go:112.107,114.16 2 1
registro-backend/internal/documents/service.go:114.16,116.3 1 0
registro-backend/internal/documents/service.go:118.2,118.63 1 1
registro-backend/internal/documents/service.go:118.63,120.3 1 1
registro-backend/internal/documents/service.go:122.2,122.22 1 0
registro-backend/internal/documents/service.go:122.22,124.3 1 0
registro-backend/internal/documents/service.go:125.2,126.24 2 0
registro-backend/internal/documents/service.go:126.24,128.3 1 0
registro-backend/internal/documents/service.go:132.2,132.19 1 0
registro-backend/internal/documents/service.go:132.19,135.3 2 0
registro-backend/internal/documents/service.go:137.2,137.51 1 0
registro-backend/internal/documents/service.go:140.111,142.16 2 1
registro-backend/internal/documents/service.go:142.16,144.3 1 0
registro-backend/internal/documents/service.go:147.2,148.20 2 1
registro-backend/internal/documents/service.go:149.16,150.25 1 0
registro-backend/internal/documents/service.go:151.27,152.22 1 0
registro-backend/internal/documents/service.go:153.26,154.24 1 1
registro-backend/internal/documents/service.go:155.16,156.24 1 0
registro-backend/internal/documents/service.go:157.10,158.38 1 0
registro-backend/internal/documents/service.go:161.2,161.67 1 1
registro-backend/internal/documents/service.go:161.67,163.3 1 1
registro-backend/internal/documents/service.go:165.2,165.41 1 0
registro-backend/internal/documents/service.go:168.106,170.16 2 1
registro-backend/internal/documents/service.go:170.16,172.3 1 0
registro-backend/internal/documents/service.go:174.2,174.34 1 1
registro-backend/internal/documents/service.go:174.34,176.3 1 0
registro-backend/internal/documents/service.go:178.2,178.87 1 1
registro-backend/internal/documents/service.go:178.87,180.3 1 0
registro-backend/internal/documents/service.go:182.2,192.19 3 1
registro-backend/internal/documents/service.go:192.19,194.3 1 1
registro-backend/internal/documents/service.go:196.2,196.33 1 1
registro-backend/internal/documents/service.go:199.81,201.16 2 1
registro-backend/internal/documents/service.go:201.16,203.3 1 0
registro-backend/internal/documents/service.go:204.2,204.31 1 1
registro-backend/internal/documents/service.go:207.87,209.16 2 0
registro-backend/internal/documents/service.go:209.16,211.3 1 0
registro-backend/internal/documents/service.go:212.2,212.31 1 0
registro-backend/internal/documents/service.go:215.102,220.2 1 0
registro-backend/internal/documents/service.go:222.82,229.2 1 0
registro-backend/internal/documents/service.go:231.98,233.16 2 0
registro-backend/internal/documents/service.go:233.16,235.3 1 0
registro-backend/internal/documents/service.go:237.2,239.21 2 0
registro-backend/internal/documents/service.go:239.21,242.3 2 0
registro-backend/internal/documents/service.go:243.2,244.93 2 0
registro-backend/internal/documents/service.go:248.58,250.25 2 1
registro-backend/internal/documents/service.go:250.25,254.3 1 1
registro-backend/internal/documents/service.go:255.2,255.12 1 1
registro-backend/internal/documents/service.go:258.63,260.25 2 0
registro-backend/internal/documents/service.go:260.25,264.3 1 0
registro-backend/internal/documents/service.go:265.2,265.12 1 0
registro-backend/internal/documents/signature.go:7.48,9.2 1 1
registro-backend/internal/documents/signature.go:11.72,14.35 1 1
registro-backend/internal/documents/signature.go:14.35,16.3 1 0
registro-backend/internal/documents/signature.go:18.2,18.12 1 1
registro-backend/internal/documents/template_engine.go:9.42,11.2 1 1
registro-backend/internal/documents/template_engine.go:14.82,16.31 2 0
registro-backend/internal/documents/template_engine.go:16.31,19.3 2 0
registro-backend/internal/documents/template_engine.go:20.2,20.15 1 0
registro-backend/internal/documents/validator.go:7.32,9.2 1 1
registro-backend/internal/documents/validator.go:11.73,12.18 1 1
registro-backend/internal/documents/validator.go:12.18,14.3 1 0
registro-backend/internal/documents/validator.go:15.2,15.23 1 1
registro-backend/internal/documents/validator.go:15.23,17.3 1 0
registro-backend/internal/documents/validator.go:18.2,18.12 1 1
registro-backend/internal/documents/workflow.go:7.42,9.2 1 1
registro-backend/internal/documents/workflow.go:11.71,18.17 1 1
registro-backend/internal/documents/workflow.go:19.19,20.30 1 1
registro-backend/internal/documents/workflow.go:20.30,22.4 1 1
registro-backend/internal/documents/workflow.go:23.23,24.76 1 0
registro-backend/internal/documents/workflow.go:24.76,26.4 1 0
registro-backend/internal/documents/workflow.go:27.20,28.82 1 0
registro-backend/internal/documents/workflow.go:28.82,30.4 1 0
registro-backend/internal/documents/workflow.go:31.22,32.27 1 0
registro-backend/internal/documents/workflow.go:32.27,34.4 1 0
registro-backend/internal/documents/workflow.go:36.2,36.48 1 1
registro-backend/internal/documents/workflow.go:39.94,41.16 1 0
registro-backend/internal/documents/workflow.go:42.16,43.30 1 0
registro-backend/internal/documents/workflow.go:44.21,45.27 1 0
registro-backend/internal/documents/workflow.go:46.17,47.29 1 0
registro-backend/internal/documents/workflow.go:48.16,49.29 1 0
registro-backend/internal/documents/workflow.go:51.2,51.41 1 0
registro-backend/internal/subjects/handler.go:13.44,15.2 1 0
registro-backend/internal/subjects/handler.go:17.41,19.13 2 0
registro-backend/internal/subjects/handler.go:19.13,21.3 1 0
registro-backend/internal/subjects/handler.go:22.2,22.21 1 0
registro-backend/internal/subjects/handler.go:25.42,27.47 2 0
registro-backend/internal/subjects/handler.go:27.47,30.3 2 0
registro-backend/internal/subjects/handler.go:32.2,33.24 2 0
registro-backend/internal/subjects/handler.go:33.24,35.3 1 0
registro-backend/internal/subjects/handler.go:36.2,36.20 1 0
registro-backend/internal/subjects/handler.go:36.20,39.3 2 0
registro-backend/internal/subjects/handler.go:41.2,42.16 2 0
registro-backend/internal/subjects/handler.go:42.16,45.3 2 0
registro-backend/internal/subjects/handler.go:46.2,46.33 1 0
registro-backend/internal/subjects/handler.go:49.40,51.20 2 0
registro-backend/internal/subjects/handler.go:51.20,53.3 1 0
registro-backend/internal/subjects/handler.go:54.2,54.20 1 0
registro-backend/internal/subjects/handler.go:54.20,57.3 2 0
registro-backend/internal/subjects/handler.go:59.2,60.16 2 0
registro-backend/internal/subjects/handler.go:60.16,63.3 2 0
registro-backend/internal/subjects/handler.go:64.2,64.28 1 0
registro-backend/internal/subjects/handler.go:67.42,69.47 2 0
registro-backend/internal/subjects/handler.go:69.47,72.3 2 0
registro-backend/internal/subjects/handler.go:73.2,74.16 2 0
registro-backend/internal/subjects/handler.go:74.16,77.3 2 0
registro-backend/internal/subjects/handler.go:78.2,78.28 1 0
registro-backend/internal/subjects/handler.go:81.39,83.16 2 0
registro-backend/internal/subjects/handler.go:83.16,86.3 2 0
registro-backend/internal/subjects/handler.go:87.2,87.28 1 0
registro-backend/internal/subjects/handler.go:90.42,91.84 1 0
registro-backend/internal/subjects/handler.go:91.84,94.3 2 0
registro-backend/internal/subjects/handler.go:95.2,95.32 1 0
registro-backend/internal/subjects/handler.go:98.55,100.2 2 0
registro-backend/internal/subjects/handler.go:100.2,106.3 5 0
registro-backend/internal/subjects/repository.go:23.43,25.2 1 0
registro-backend/internal/subjects/repository.go:27.76,28.16 1 0
registro-backend/internal/subjects/repository.go:28.16,30.3 1 0
registro-backend/internal/subjects/repository.go:31.2,40.12 4 0
registro-backend/internal/subjects/repository.go:43.92,51.16 3 0
registro-backend/internal/subjects/repository.go:51.16,53.3 1 0
registro-backend/internal/subjects/repository.go:54.2,57.18 3 0
registro-backend/internal/subjects/repository.go:57.18,63.17 4 0
registro-backend/internal/subjects/repository.go:63.17,65.4 1 0
registro-backend/internal/subjects/repository.go:66.3,68.33 3 0
registro-backend/internal/subjects/repository.go:70.2,70.22 1 0
registro-backend/internal/subjects/repository.go:73.84,80.16 5 0
registro-backend/internal/subjects/repository.go:80.16,82.3 1 0
registro-backend/internal/subjects/repository.go:83.2,85.16 3 0
registro-backend/internal/subjects/repository.go:88.75,91.2 2 0
registro-backend/internal/subjects/repository.go:93.76,97.2 3 0
registro-backend/internal/subjects/service.go:11.43,13.2 1 1
registro-backend/internal/subjects/service.go:15.115,22.28 2 1
registro-backend/internal/subjects/service.go:22.28,24.3 1 1
registro-backend/internal/subjects/service.go:24.8,26.3 1 1
registro-backend/internal/subjects/service.go:28.2,28.49 1 1
registro-backend/internal/subjects/service.go:28.49,30.3 1 1
registro-backend/internal/subjects/service.go:31.2,31.18 1 1
registro-backend/internal/subjects/service.go:34.89,36.2 1 1
registro-backend/internal/subjects/service.go:38.80,40.2 1 1
registro-backend/internal/subjects/service.go:42.109,44.16 2 1
registro-backend/internal/subjects/service.go:44.16,46.3 1 1
registro-backend/internal/subjects/service.go:47.2,50.28 4 1
registro-backend/internal/subjects/service.go:50.28,52.3 1 1
registro-backend/internal/subjects/service.go:54.2,54.49 1 1
registro-backend/internal/subjects/service.go:54.49,56.3 1 1
registro-backend/internal/subjects/service.go:57.2,57.18 1 1
registro-backend/internal/subjects/service.go:60.71,62.2 1 1
registro-backend/internal/grades/analytics.go:19.57,24.2 1 0
registro-backend/internal/grades/analytics.go:26.99,33.16 2 0
registro-backend/internal/grades/analytics.go:33.16,35.3 1 0
registro-backend/internal/grades/analytics.go:37.2,38.27 2 0
registro-backend/internal/grades/analytics.go:38.27,39.50 1 0
registro-backend/internal/grades/analytics.go:39.50,41.4 1 0
registro-backend/internal/grades/analytics.go:44.2,44.58 1 0
registro-backend/internal/grades/analytics.go:47.95,60.16 3 0
registro-backend/internal/grades/analytics.go:60.16,62.3 1 0
registro-backend/internal/grades/analytics.go:63.2,66.16 3 0
registro-backend/internal/grades/analytics.go:66.16,68.3 1 0
registro-backend/internal/grades/analytics.go:69.2,71.54 2 0
registro-backend/internal/grades/analytics.go:76.108,79.16 2 0
registro-backend/internal/grades/analytics.go:79.16,81.3 1 0
registro-backend/internal/grades/analytics.go:84.2,85.27 2 0
registro-backend/internal/grades/analytics.go:85.27,86.42 1 0
registro-backend/internal/grades/analytics.go:86.42,88.4 1 0
registro-backend/internal/grades/analytics.go:92.2,93.26 2 0
registro-backend/internal/grades/analytics.go:93.26,94.48 1 0
registro-backend/internal/grades/analytics.go:94.48,96.4 1 0
registro-backend/internal/grades/analytics.go:100.2,106.19 5 0
registro-backend/internal/grades/analytics.go:106.19,108.31 2 0
registro-backend/internal/grades/analytics.go:108.31,110.15 2 0
registro-backend/internal/grades/analytics.go:110.15,112.5 1 0
registro-backend/internal/grades/analytics.go:112.10,112.22 1 0
registro-backend/internal/grades/analytics.go:112.22,114.5 1 0
registro-backend/internal/grades/analytics.go:114.10,114.22 1 0
registro-backend/internal/grades/analytics.go:114.22,116.5 1 0
registro-backend/internal/grades/analytics.go:116.10,116.22 1 0
registro-backend/internal/grades/analytics.go:116.22,118.5 1 0
registro-backend/internal/grades/analytics.go:118.10,118.22 1 0
registro-backend/internal/grades/analytics.go:118.22,120.5 1 0
registro-backend/internal/grades/analytics.go:120.10,122.5 1 0
registro-backend/internal/grades/analytics.go:124.3,124.28 1 0
registro-backend/internal/grades/analytics.go:124.28,126.4 1 0
registro-backend/internal/grades/analytics.go:130.2,131.30 2 0
registro-backend/internal/grades/analytics.go:131.30,133.3 1 0
registro-backend/internal/grades/analytics.go:134.2,135.32 2 0
registro-backend/internal/grades/analytics.go:135.32,138.24 3 0
registro-backend/internal/grades/analytics.go:138.24,139.25 1 0
registro-backend/internal/grades/analytics.go:139.25,141.5 1 0
registro-backend/internal/grades/analytics.go:141.10,143.5 1 0
registro-backend/internal/grades/analytics.go:145.3,146.18 2 0
registro-backend/internal/grades/analytics.go:146.18,148.4 1 0
registro-backend/internal/grades/analytics.go:150.3,157.5 1 0
registro-backend/internal/grades/analytics.go:162.2,163.30 2 0
registro-backend/internal/grades/analytics.go:163.30,165.3 1 0
registro-backend/internal/grades/analytics.go:167.2,172.35 5 0
registro-backend/internal/grades/analytics.go:172.35,178.29 4 0
registro-backend/internal/grades/analytics.go:178.29,180.4 1 0
registro-backend/internal/grades/analytics.go:182.3,183.34 2 0
registro-backend/internal/grades/analytics.go:183.34,184.47 1 0
registro-backend/internal/grades/analytics.go:184.47,187.5 2 0
registro-backend/internal/grades/analytics.go:190.3,190.24 1 0
registro-backend/internal/grades/analytics.go:190.24,192.4 1 0
registro-backend/internal/grades/analytics.go:192.9,194.4 1 0
registro-backend/internal/grades/analytics.go:196.3,196.23 1 0
registro-backend/internal/grades/analytics.go:196.23,204.4 1 0
registro-backend/internal/grades/analytics.go:206.3,206.17 1 0
registro-backend/internal/grades/analytics.go:206.17,212.4 1 0
registro-backend/internal/grades/analytics.go:215.2,236.8 1 0
registro-backend/internal/grades/analytics.go:239.114,241.16 2 0
registro-backend/internal/grades/analytics.go:241.16,243.3 1 0
registro-backend/internal/grades/analytics.go:246.2,247.27 2 0
registro-backend/internal/grades/analytics.go:247.27,248.87 1 0
registro-backend/internal/grades/analytics.go:248.87,250.4 1 0
registro-backend/internal/grades/analytics.go:253.2,275.8 2 0
registro-backend/internal/grades/analytics.go:278.113,281.16 2 0
registro-backend/internal/grades/analytics.go:281.16,283.3 1 0
registro-backend/internal/grades/analytics.go:285.2,287.27 3 0
registro-backend/internal/grades/analytics.go:287.27,288.43 1 0
registro-backend/internal/grades/analytics.go:288.43,289.12 1 0
registro-backend/internal/grades/analytics.go:291.3,291.50 1 0
registro-backend/internal/grades/analytics.go:291.50,292.12 1 0
registro-backend/internal/grades/analytics.go:294.3,295.48 2 0
registro-backend/internal/grades/analytics.go:295.48,297.4 1 0
registro-backend/internal/grades/analytics.go:300.2,304.29 3 0
registro-backend/internal/grades/analytics.go:304.29,306.3 1 0
registro-backend/internal/grades/analytics.go:308.2,309.30 2 0
registro-backend/internal/grades/analytics.go:309.30,311.24 2 0
registro-backend/internal/grades/analytics.go:311.24,312.49 1 0
registro-backend/internal/grades/analytics.go:312.49,314.5 1 0
registro-backend/internal/grades/analytics.go:317.3,323.5 2 0
registro-backend/internal/grades/analytics.go:326.2,333.8 1 0
registro-backend/internal/grades/analytics.go:336.96,342.16 2 0
registro-backend/internal/grades/analytics.go:342.16,344.3 1 0
registro-backend/internal/grades/analytics.go:346.2,353.27 4 0
registro-backend/internal/grades/analytics.go:353.27,355.48 2 0
registro-backend/internal/grades/analytics.go:355.48,357.4 1 0
registro-backend/internal/grades/analytics.go:359.2,369.8 3 0
registro-backend/internal/grades/calculator.go:10.34,12.2 1 1
registro-backend/internal/grades/calculator.go:15.63,16.22 1 1
registro-backend/internal/grades/calculator.go:16.22,18.3 1 1
registro-backend/internal/grades/calculator.go:20.2,23.27 3 0
registro-backend/internal/grades/calculator.go:23.27,35.23 1 0
registro-backend/internal/grades/calculator.go:35.23,38.4 2 0
registro-backend/internal/grades/calculator.go:41.2,41.16 1 0
registro-backend/internal/grades/calculator.go:41.16,43.3 1 0
registro-backend/internal/grades/calculator.go:45.2,45.53 1 0
registro-backend/internal/grades/calculator.go:49.70,50.18 1 0
registro-backend/internal/grades/calculator.go:51.30,52.14 1 0
registro-backend/internal/grades/calculator.go:53.18,54.13 1 0
registro-backend/internal/grades/calculator.go:55.15,56.13 1 0
registro-backend/internal/grades/calculator.go:57.18,58.13 1 0
registro-backend/internal/grades/calculator.go:59.21,60.13 1 0
registro-backend/internal/grades/calculator.go:61.39,62.13 1 0
registro-backend/internal/grades/calculator.go:63.23,64.13 1 0
registro-backend/internal/grades/calculator.go:65.34,66.13 1 0
registro-backend/internal/grades/calculator.go:67.10,68.13 1 0
registro-backend/internal/grades/calculator.go:73.71,74.22 1 1
registro-backend/internal/grades/calculator.go:74.22,76.3 1 1
registro-backend/internal/grades/calculator.go:78.2,81.27 3 1
registro-backend/internal/grades/calculator.go:81.27,82.39 1 1
registro-backend/internal/grades/calculator.go:82.39,85.4 2 1
registro-backend/internal/grades/calculator.go:88.2,88.23 1 1
registro-backend/internal/grades/calculator.go:88.23,90.3 1 1
registro-backend/internal/grades/calculator.go:92.2,92.59 1 1
registro-backend/internal/grades/calculator.go:97.62,99.20 2 1
registro-backend/internal/grades/calculator.go:99.20,101.3 1 1
registro-backend/internal/grades/calculator.go:103.2,105.14 3 0
registro-backend/internal/grades/calculator.go:105.14,107.3 1 0
registro-backend/internal/grades/calculator.go:108.2,108.38 1 0
registro-backend/internal/grades/calculator.go:111.73,113.19 2 1
registro-backend/internal/grades/calculator.go:113.19,115.3 1 1
registro-backend/internal/grades/calculator.go:117.2,119.25 3 0
registro-backend/internal/grades/calculator.go:119.25,121.3 1 0
registro-backend/internal/grades/calculator.go:122.2,122.52 1 0
registro-backend/internal/grades/calculator.go:125.100,127.20 2 0
registro-backend/internal/grades/calculator.go:127.20,129.3 1 0
registro-backend/internal/grades/calculator.go:131.2,134.17 3 0
registro-backend/internal/grades/calculator.go:134.17,136.3 1 0
registro-backend/internal/grades/calculator.go:138.2,139.25 2 0
registro-backend/internal/grades/calculator.go:139.25,143.3 3 0
registro-backend/internal/grades/calculator.go:144.2,148.8 4 0
registro-backend/internal/grades/calculator.go:151.81,153.20 2 0
registro-backend/internal/grades/calculator.go:153.20,155.3 1 0
registro-backend/internal/grades/calculator.go:157.2,158.25 2 0
registro-backend/internal/grades/calculator.go:158.25,159.16 1 0
registro-backend/internal/grades/calculator.go:159.16,161.4 1 0
registro-backend/internal/grades/calculator.go:164.2,164.57 1 0
registro-backend/internal/grades/calculator.go:167.62,175.27 6 0
registro-backend/internal/grades/calculator.go:175.27,177.60 2 0
registro-backend/internal/grades/calculator.go:177.60,179.4 1 0
registro-backend/internal/grades/calculator.go:180.3,180.23 1 0
registro-backend/internal/grades/calculator.go:180.23,182.4 1 0
registro-backend/internal/grades/calculator.go:184.3,184.30 1 0
registro-backend/internal/grades/calculator.go:184.30,187.4 1 0
registro-backend/internal/grades/calculator.go:189.2,189.17 1 0
registro-backend/internal/grades/calculator.go:193.62,195.27 2 1
registro-backend/internal/grades/calculator.go:195.27,196.23 1 1
registro-backend/internal/grades/calculator.go:196.23,198.4 1 1
registro-backend/internal/grades/calculator.go:200.2,200.13 1 1
registro-backend/internal/grades/exporter.go:21.73,23.41 1 0
registro-backend/internal/grades/exporter.go:23.41,24.49 1 0
registro-backend/internal/grades/exporter.go:24.49,26.4 1 0
registro-backend/internal/grades/exporter.go:27.3,27.47 1 0
registro-backend/internal/grades/exporter.go:30.2,34.27 2 0
registro-backend/internal/grades/exporter.go:34.27,46.3 1 0
registro-backend/internal/grades/exporter.go:48.2,50.44 3 0
registro-backend/internal/grades/exporter.go:50.44,52.3 1 0
registro-backend/internal/grades/exporter.go:53.2,53.25 1 0
registro-backend/internal/grades/exporter.go:67.51,76.2 2 0
registro-backend/internal/grades/exporter.go:79.73,107.27 21 0
registro-backend/internal/grades/exporter.go:107.27,109.25 1 0
registro-backend/internal/grades/exporter.go:109.25,111.4 1 0
registro-backend/internal/grades/exporter.go:111.9,111.32 1 0
registro-backend/internal/grades/exporter.go:111.32,113.4 1 0
registro-backend/internal/grades/exporter.go:113.9,115.4 1 0
registro-backend/internal/grades/exporter.go:117.3,122.39 5 0
registro-backend/internal/grades/exporter.go:122.39,124.23 2 0
registro-backend/internal/grades/exporter.go:124.23,126.5 1 0
registro-backend/internal/grades/exporter.go:128.3,133.13 5 0
registro-backend/internal/grades/exporter.go:136.2,138.25 3 0
registro-backend/internal/grades/handler.go:14.57,16.2 1 0
registro-backend/internal/grades/handler.go:19.59,21.2 2 0
registro-backend/internal/grades/handler.go:21.2,48.3 16 0
registro-backend/internal/grades/handler.go:53.52,55.21 2 0
registro-backend/internal/grades/handler.go:55.21,58.3 2 0
registro-backend/internal/grades/handler.go:60.2,63.16 3 0
registro-backend/internal/grades/handler.go:63.16,66.3 2 0
registro-backend/internal/grades/handler.go:68.2,68.31 1 0
registro-backend/internal/grades/handler.go:71.50,73.19 2 0
registro-backend/internal/grades/handler.go:73.19,76.3 2 0
registro-backend/internal/grades/handler.go:78.2,81.16 3 0
registro-backend/internal/grades/handler.go:81.16,84.3 2 0
registro-backend/internal/grades/handler.go:86.2,86.29 1 0
registro-backend/internal/grades/handler.go:89.52,91.21 2 0
registro-backend/internal/grades/handler.go:91.21,94.3 2 0
registro-backend/internal/grades/handler.go:96.2,99.16 3 0
registro-backend/internal/grades/handler.go:99.16,102.3 2 0
registro-backend/internal/grades/handler.go:104.2,104.29 1 0
registro-backend/internal/grades/handler.go:107.46,109.21 2 0
registro-backend/internal/grades/handler.go:109.21,111.3 1 0
registro-backend/internal/grades/handler.go:113.2,114.16 2 0
registro-backend/internal/grades/handler.go:114.16,117.3 2 0
registro-backend/internal/grades/handler.go:118.2,121.42 3 0
registro-backend/internal/grades/handler.go:121.43,125.3 0 0
registro-backend/internal/grades/handler.go:127.2,128.16 2 0
registro-backend/internal/grades/handler.go:128.16,131.3 2 0
registro-backend/internal/grades/handler.go:133.2,133.31 1 0
registro-backend/internal/grades/handler.go:136.42,138.21 2 0
registro-backend/internal/grades/handler.go:138.21,140.3 1 0
registro-backend/internal/grades/handler.go:142.2,143.18 2 0
registro-backend/internal/grades/handler.go:143.18,145.3 1 0
registro-backend/internal/grades/handler.go:147.2,150.16 3 0
registro-backend/internal/grades/handler.go:150.16,153.3 2 0
registro-backend/internal/grades/handler.go:155.2,155.22 1 0
registro-backend/internal/grades/handler.go:155.22,157.3 1 0
registro-backend/internal/grades/handler.go:159.2,160.42 2 0
registro-backend/internal/grades/handler.go:164.59,168.45 2 0
registro-backend/internal/grades/handler.go:168.46,170.3 0 0
registro-backend/internal/grades/handler.go:172.2,172.15 1 0
registro-backend/internal/grades/handler.go:176.44,178.47 2 0
registro-backend/internal/grades/handler.go:178.47,181.3 2 0
registro-backend/internal/grades/handler.go:183.2,184.21 2 0
registro-backend/internal/grades/handler.go:184.21,191.3 1 0
registro-backend/internal/grades/handler.go:193.2,193.59 1 0
registro-backend/internal/grades/handler.go:193.59,196.3 2 0
registro-backend/internal/grades/handler.go:198.2,198.76 1 0
registro-backend/internal/grades/handler.go:202.47,204.19 2 0
registro-backend/internal/grades/handler.go:204.19,207.3 2 0
registro-backend/internal/grades/handler.go:209.2,210.47 2 0
registro-backend/internal/grades/handler.go:210.47,213.3 2 0
registro-backend/internal/grades/handler.go:215.2,216.21 2 0
registro-backend/internal/grades/handler.go:216.21,218.3 1 0
registro-backend/internal/grades/handler.go:220.2,220.71 1 0
registro-backend/internal/grades/handler.go:220.71,223.3 2 0
registro-backend/internal/grades/handler.go:225.2,225.71 1 0
registro-backend/internal/grades/handler.go:229.47,231.19 2 0
registro-backend/internal/grades/handler.go:231.19,234.3 2 0
registro-backend/internal/grades/handler.go:236.2,237.21 2 0
registro-backend/internal/grades/handler.go:237.21,239.3 1 0
registro-backend/internal/grades/handler.go:241.2,241.66 1 0
registro-backend/internal/grades/handler.go:241.66,244.3 2 0
registro-backend/internal/grades/handler.go:246.2,246.71 1 0
registro-backend/internal/grades/handler.go:251.53,255.21 3 0
registro-backend/internal/grades/handler.go:255.21,258.3 2 0
registro-backend/internal/grades/handler.go:260.2,261.16 2 0
registro-backend/internal/grades/handler.go:261.16,264.3 2 0
registro-backend/internal/grades/handler.go:266.2,270.4 1 0
registro-backend/internal/grades/handler.go:273.51,277.19 3 0
registro-backend/internal/grades/handler.go:277.19,280.3 2 0
registro-backend/internal/grades/handler.go:282.2,283.16 2 0
registro-backend/internal/grades/handler.go:283.16,286.3 2 0
registro-backend/internal/grades/handler.go:288.2,292.4 1 0
registro-backend/internal/grades/handler.go:297.47,299.21 2 0
registro-backend/internal/grades/handler.go:299.21,301.3 1 0
registro-backend/internal/grades/handler.go:303.2,306.16 3 0
registro-backend/internal/grades/handler.go:306.16,309.3 2 0
registro-backend/internal/grades/handler.go:311.2,311.29 1 0
registro-backend/internal/grades/handler.go:314.49,316.21 2 0
registro-backend/internal/grades/handler.go:316.21,318.3 1 0
registro-backend/internal/grades/handler.go:320.2,321.16 2 0
registro-backend/internal/grades/handler.go:321.16,324.3 2 0
registro-backend/internal/grades/handler.go:326.2,326.29 1 0
registro-backend/internal/grades/handler.go:329.46,331.21 2 0
registro-backend/internal/grades/handler.go:331.21,333.3 1 0
registro-backend/internal/grades/handler.go:335.2,338.16 3 0
registro-backend/internal/grades/handler.go:338.16,341.3 2 0
registro-backend/internal/grades/handler.go:343.2,343.29 1 0
registro-backend/internal/grades/handler.go:346.53,348.21 2 0
registro-backend/internal/grades/handler.go:348.21,350.3 1 0
registro-backend/internal/grades/handler.go:352.2,354.19 3 0
registro-backend/internal/grades/handler.go:354.19,356.3 1 0
registro-backend/internal/grades/handler.go:358.2,359.16 2 0
registro-backend/internal/grades/handler.go:359.16,362.3 2 0
registro-backend/internal/grades/handler.go:364.2,364.29 1 0
registro-backend/internal/grades/handler.go:369.50,371.20 2 0
registro-backend/internal/grades/handler.go:371.20,373.3 1 0
registro-backend/internal/grades/handler.go:375.2,379.16 4 0
registro-backend/internal/grades/handler.go:379.16,382.3 2 0
registro-backend/internal/grades/handler.go:384.2,384.29 1 0
registro-backend/internal/grades/handler.go:387.57,389.2 1 0
registro-backend/internal/grades/handler.go:393.52,397.19 4 0
registro-backend/internal/grades/handler.go:397.19,399.3 1 0
registro-backend/internal/grades/handler.go:401.2,406.16 2 0
registro-backend/internal/grades/handler.go:406.16,409.3 2 0
registro-backend/internal/grades/handler.go:410.2,410.29 1 0
registro-backend/internal/grades/handler.go:413.54,417.19 4 0
registro-backend/internal/grades/handler.go:417.19,419.3 1 0
registro-backend/internal/grades/handler.go:421.2,422.16 2 0
registro-backend/internal/grades/handler.go:422.16,425.3 2 0
registro-backend/internal/grades/handler.go:426.2,426.29 1 0
registro-backend/internal/grades/handler.go:429.53,433.19 4 0
registro-backend/internal/grades/handler.go:433.19,435.3 1 0
registro-backend/internal/grades/handler.go:436.2,436.19 1 0
registro-backend/internal/grades/handler.go:436.19,438.3 1 0
registro-backend/internal/grades/handler.go:440.2,441.16 2 0
registro-backend/internal/grades/handler.go:441.16,444.3 2 0
registro-backend/internal/grades/handler.go:445.2,445.29 1 0
registro-backend/internal/grades/handler.go:448.55,451.16 3 0
registro-backend/internal/grades/handler.go:451.16,454.3 2 0
registro-backend/internal/grades/handler.go:455.2,455.29 1 0
registro-backend/internal/grades/helpers.go:10.56,11.18 1 1
registro-backend/internal/grades/helpers.go:12.23,13.13 1 1
registro-backend/internal/grades/helpers.go:14.18,15.13 1 1
registro-backend/internal/grades/helpers.go:16.21,17.13 1 1
registro-backend/internal/grades/helpers.go:18.18,19.13 1 0
registro-backend/internal/grades/helpers.go:20.15,21.13 1 1
registro-backend/internal/grades/helpers.go:22.18,23.13 1 0
registro-backend/internal/grades/helpers.go:24.16,25.14 1 1
registro-backend/internal/grades/helpers.go:26.10,27.13 1 1
registro-backend/internal/grades/helpers.go:32.53,33.17 1 1
registro-backend/internal/grades/helpers.go:33.17,35.3 1 1
registro-backend/internal/grades/helpers.go:35.8,35.24 1 1
registro-backend/internal/grades/helpers.go:35.24,37.3 1 1
registro-backend/internal/grades/helpers.go:37.8,37.24 1 1
registro-backend/internal/grades/helpers.go:37.24,39.3 1 1
registro-backend/internal/grades/helpers.go:39.8,39.24 1 1
registro-backend/internal/grades/helpers.go:39.24,53.3 1 1
registro-backend/internal/grades/helpers.go:53.8,53.25 1 1
registro-backend/internal/grades/helpers.go:53.25,55.3 1 1
registro-backend/internal/grades/helpers.go:56.2,56.17 1 0
registro-backend/internal/grades/helpers.go:60.43,61.24 1 0
registro-backend/internal/grades/helpers.go:61.24,63.3 1 0
registro-backend/internal/grades/helpers.go:64.2,64.28 1 0
registro-backend/internal/grades/helpers.go:64.28,66.3 1 0
registro-backend/internal/grades/helpers.go:67.2,67.13 1 0
registro-backend/internal/grades/helpers.go:72.64,75.19 2 1
registro-backend/internal/grades/helpers.go:75.19,80.3 3 1
registro-backend/internal/grades/helpers.go:80.8,80.26 1 0
registro-backend/internal/grades/helpers.go:80.26,85.3 3 0
registro-backend/internal/grades/helpers.go:86.2,86.33 1 0
registro-backend/internal/grades/helpers.go:90.56,99.19 3 0
registro-backend/internal/grades/helpers.go:99.19,102.3 2 0
registro-backend/internal/grades/helpers.go:102.8,102.26 1 0
registro-backend/internal/grades/helpers.go:102.26,105.3 2 0
registro-backend/internal/grades/helpers.go:105.8,107.3 1 0
registro-backend/internal/grades/helpers.go:109.2,109.46 1 0
registro-backend/internal/grades/importer.go:27.59,31.16 4 1
registro-backend/internal/grades/importer.go:31.16,33.3 1 0
registro-backend/internal/grades/importer.go:35.2,39.27 2 1
registro-backend/internal/grades/importer.go:39.27,40.13 1 1
registro-backend/internal/grades/importer.go:40.13,41.12 1 1
registro-backend/internal/grades/importer.go:43.3,43.19 1 1
registro-backend/internal/grades/importer.go:43.19,44.12 1 0
registro-backend/internal/grades/importer.go:47.3,51.19 4 1
registro-backend/internal/grades/importer.go:51.19,53.4 1 1
registro-backend/internal/grades/importer.go:55.3,56.19 2 1
registro-backend/internal/grades/importer.go:56.19,58.4 1 1
registro-backend/internal/grades/importer.go:60.3,70.5 1 1
registro-backend/internal/grades/importer.go:72.2,72.22 1 1
registro-backend/internal/grades/importer.go:76.60,78.16 2 0
registro-backend/internal/grades/importer.go:78.16,80.3 1 0
registro-backend/internal/grades/importer.go:81.2,84.16 3 0
registro-backend/internal/grades/importer.go:84.16,87.22 2 0
registro-backend/internal/grades/importer.go:87.22,89.4 1 0
registro-backend/internal/grades/importer.go:91.2,91.16 1 0
registro-backend/internal/grades/importer.go:91.16,93.3 1 0
registro-backend/internal/grades/importer.go:95.2,96.27 2 0
registro-backend/internal/grades/importer.go:96.27,97.13 1 0
registro-backend/internal/grades/importer.go:97.13,98.12 1 0
registro-backend/internal/grades/importer.go:100.3,100.19 1 0
registro-backend/internal/grades/importer.go:100.19,101.12 1 0
registro-backend/internal/grades/importer.go:104.3,117.5 3 0
registro-backend/internal/grades/importer.go:119.2,119.22 1 0
registro-backend/internal/grades/importer.go:123.103,128.27 3 0
registro-backend/internal/grades/importer.go:128.27,142.3 1 0
registro-backend/internal/grades/importer.go:144.2,144.21 1 0
registro-backend/internal/grades/importer.go:144.21,146.17 2 0
registro-backend/internal/grades/importer.go:146.17,148.4 1 0
registro-backend/internal/grades/importer.go:149.3,149.29 1 0
registro-backend/internal/grades/importer.go:152.2,152.17 1 0
registro-backend/internal/grades/model.go:129.32,130.37 1 0
registro-backend/internal/grades/model.go:130.37,132.3 1 0
registro-backend/internal/grades/model.go:133.2,133.65 1 0
registro-backend/internal/grades/model.go:133.65,135.3 1 0
registro-backend/internal/grades/model.go:136.2,136.22 1 0
registro-backend/internal/grades/model.go:136.22,138.3 1 0
registro-backend/internal/grades/model.go:140.2,140.51 1 0
registro-backend/internal/grades/model.go:140.51,142.3 1 0
registro-backend/internal/grades/model.go:143.2,143.13 1 0
registro-backend/internal/grades/repository.go:51.43,53.2 1 0
registro-backend/internal/grades/repository.go:55.49,76.16 3 0
registro-backend/internal/grades/repository.go:76.16,78.3 1 0
registro-backend/internal/grades/repository.go:79.2,79.12 1 0
registro-backend/internal/grades/repository.go:82.57,84.16 2 0
registro-backend/internal/grades/repository.go:84.16,86.3 1 0
registro-backend/internal/grades/repository.go:87.2,103.16 4 0
registro-backend/internal/grades/repository.go:103.16,105.3 1 0
registro-backend/internal/grades/repository.go:106.2,108.31 2 0
registro-backend/internal/grades/repository.go:108.31,116.17 2 0
registro-backend/internal/grades/repository.go:116.17,118.4 1 0
registro-backend/internal/grades/repository.go:121.2,121.20 1 0
registro-backend/internal/grades/repository.go:124.72,126.16 2 0
registro-backend/internal/grades/repository.go:126.16,128.3 1 0
registro-backend/internal/grades/repository.go:129.2,153.16 4 0
registro-backend/internal/grades/repository.go:153.16,155.3 1 0
registro-backend/internal/grades/repository.go:158.2,158.20 1 0
registro-backend/internal/grades/repository.go:158.20,172.17 3 0
registro-backend/internal/grades/repository.go:172.17,174.4 1 0
registro-backend/internal/grades/repository.go:177.2,177.20 1 0
registro-backend/internal/grades/repository.go:180.64,183.16 3 0
registro-backend/internal/grades/repository.go:183.16,185.3 1 0
registro-backend/internal/grades/repository.go:186.2,186.12 1 0
registro-backend/internal/grades/repository.go:189.58,205.16 4 0
registro-backend/internal/grades/repository.go:205.16,206.27 1 0
registro-backend/internal/grades/repository.go:206.27,208.4 1 0
registro-backend/internal/grades/repository.go:209.3,209.54 1 0
registro-backend/internal/grades/repository.go:211.2,211.16 1 0
registro-backend/internal/grades/repository.go:214.71,225.2 2 0
registro-backend/internal/grades/repository.go:227.109,232.18 3 0
registro-backend/internal/grades/repository.go:232.18,243.3 2 0
registro-backend/internal/grades/repository.go:243.8,255.3 2 0
registro-backend/internal/grades/repository.go:257.2,257.37 1 0
registro-backend/internal/grades/repository.go:260.81,264.18 3 0
registro-backend/internal/grades/repository.go:264.18,275.3 2 0
registro-backend/internal/grades/repository.go:275.8,286.3 2 0
registro-backend/internal/grades/repository.go:288.2,288.37 1 0
registro-backend/internal/grades/repository.go:291.85,295.18 3 0
registro-backend/internal/grades/repository.go:295.18,305.3 2 0
registro-backend/internal/grades/repository.go:305.8,315.3 2 0
registro-backend/internal/grades/repository.go:317.2,317.37 1 0
registro-backend/internal/grades/repository.go:320.74,333.25 5 0
registro-backend/internal/grades/repository.go:333.25,337.3 3 0
registro-backend/internal/grades/repository.go:338.2,338.28 1 0
registro-backend/internal/grades/repository.go:338.28,342.3 3 0
registro-backend/internal/grades/repository.go:343.2,343.28 1 0
registro-backend/internal/grades/repository.go:343.28,347.3 3 0
registro-backend/internal/grades/repository.go:348.2,348.31 1 0
registro-backend/internal/grades/repository.go:348.31,352.3 3 0
registro-backend/internal/grades/repository.go:354.2,354.25 1 0
registro-backend/internal/grades/repository.go:354.25,356.3 1 0
registro-backend/internal/grades/repository.go:358.2,360.41 2 0
registro-backend/internal/grades/repository.go:363.71,374.2 2 0
registro-backend/internal/grades/repository.go:376.73,386.16 3 0
registro-backend/internal/grades/repository.go:386.16,388.3 1 0
registro-backend/internal/grades/repository.go:389.2,392.18 3 0
registro-backend/internal/grades/repository.go:392.18,398.17 2 0
registro-backend/internal/grades/repository.go:398.17,400.4 1 0
registro-backend/internal/grades/repository.go:401.3,401.31 1 0
registro-backend/internal/grades/repository.go:403.2,403.21 1 0
registro-backend/internal/grades/repository.go:407.85,409.16 2 0
registro-backend/internal/grades/repository.go:409.16,411.3 1 0
registro-backend/internal/grades/repository.go:412.2,413.25 2 0
registro-backend/internal/grades/repository.go:416.64,418.18 2 0
registro-backend/internal/grades/repository.go:418.18,425.17 2 0
registro-backend/internal/grades/repository.go:425.17,427.4 1 0
registro-backend/internal/grades/repository.go:428.3,428.31 1 0
registro-backend/internal/grades/repository.go:430.2,430.21 1 0
registro-backend/internal/grades/service.go:47.72,54.2 1 1
registro-backend/internal/grades/service.go:60.79,62.16 2 0
registro-backend/internal/grades/service.go:62.16,64.3 1 0
registro-backend/internal/grades/service.go:65.2,65.37 1 0
registro-backend/internal/grades/service.go:68.109,75.16 2 1
registro-backend/internal/grades/service.go:75.16,77.3 1 0
registro-backend/internal/grades/service.go:79.2,80.27 2 1
registro-backend/internal/grades/service.go:80.27,81.64 1 1
registro-backend/internal/grades/service.go:81.64,82.12 1 1
registro-backend/internal/grades/service.go:84.3,84.64 1 1
registro-backend/internal/grades/service.go:84.64,85.12 1 1
registro-backend/internal/grades/service.go:87.3,87.72 1 1
registro-backend/internal/grades/service.go:87.72,88.12 1 0
registro-backend/internal/grades/service.go:90.3,90.72 1 1
registro-backend/internal/grades/service.go:90.72,91.12 1 1
registro-backend/internal/grades/service.go:93.3,93.33 1 1
registro-backend/internal/grades/service.go:96.2,96.39 1 1
registro-backend/internal/grades/service.go:99.100,109.16 4 0
registro-backend/internal/grades/service.go:109.16,111.3 1 0
registro-backend/internal/grades/service.go:114.2,115.27 2 0
registro-backend/internal/grades/service.go:115.27,117.72 1 0
registro-backend/internal/grades/service.go:117.72,118.12 1 0
registro-backend/internal/grades/service.go:120.3,121.66 2 0
registro-backend/internal/grades/service.go:125.2,129.37 2 0
registro-backend/internal/grades/service.go:129.37,134.27 3 0
registro-backend/internal/grades/service.go:134.27,136.23 2 0
registro-backend/internal/grades/service.go:136.23,139.5 2 0
registro-backend/internal/grades/service.go:139.10,142.5 2 0
registro-backend/internal/grades/service.go:145.3,146.17 2 0
registro-backend/internal/grades/service.go:146.17,148.4 1 0
registro-backend/internal/grades/service.go:149.3,149.17 1 0
registro-backend/internal/grades/service.go:149.17,151.4 1 0
registro-backend/internal/grades/service.go:153.3,159.5 1 0
registro-backend/internal/grades/service.go:162.2,162.18 1 0
registro-backend/internal/grades/service.go:165.105,167.16 2 0
registro-backend/internal/grades/service.go:167.16,169.3 1 0
registro-backend/internal/grades/service.go:172.2,194.27 6 0
registro-backend/internal/grades/service.go:194.27,195.33 1 0
registro-backend/internal/grades/service.go:195.33,198.4 2 0
registro-backend/internal/grades/service.go:199.3,202.23 2 0
registro-backend/internal/grades/service.go:202.23,204.4 1 0
registro-backend/internal/grades/service.go:204.9,204.30 1 0
registro-backend/internal/grades/service.go:204.30,206.4 1 0
registro-backend/internal/grades/service.go:206.9,206.30 1 0
registro-backend/internal/grades/service.go:206.30,208.4 1 0
registro-backend/internal/grades/service.go:208.9,210.4 1 0
registro-backend/internal/grades/service.go:213.2,214.21 2 0
registro-backend/internal/grades/service.go:214.21,216.3 1 0
registro-backend/internal/grades/service.go:218.2,226.18 2 0
registro-backend/internal/grades/service.go:229.76,231.74 1 0
registro-backend/internal/grades/service.go:231.74,233.3 1 0
registro-backend/internal/grades/service.go:235.2,254.23 3 0
registro-backend/internal/grades/service.go:254.23,256.3 1 0
registro-backend/internal/grades/service.go:258.2,258.45 1 0
registro-backend/internal/grades/service.go:258.45,260.3 1 0
registro-backend/internal/grades/service.go:262.2,262.12 1 0
registro-backend/internal/grades/service.go:265.78,268.2 1 0
registro-backend/internal/grades/service.go:270.101,275.16 2 0
registro-backend/internal/grades/service.go:275.16,277.3 1 0
registro-backend/internal/grades/service.go:279.2,280.16 2 0
registro-backend/internal/grades/service.go:280.16,282.3 1 0
registro-backend/internal/grades/service.go:285.2,285.18 1 0
registro-backend/internal/grades/service.go:288.103,290.16 2 0
registro-backend/internal/grades/service.go:290.16,292.3 1 0
registro-backend/internal/grades/service.go:295.2,295.22 1 0
registro-backend/internal/grades/service.go:295.22,297.17 2 0
registro-backend/internal/grades/service.go:297.17,299.4 1 0
registro-backend/internal/grades/service.go:300.3,300.39 1 0
registro-backend/internal/grades/service.go:301.8,301.28 1 0
registro-backend/internal/grades/service.go:301.28,312.28 2 0
registro-backend/internal/grades/service.go:312.28,315.4 1 0
registro-backend/internal/grades/service.go:316.3,316.38 1 0
registro-backend/internal/grades/service.go:319.2,319.62 1 0
registro-backend/internal/grades/service.go:322.95,324.16 2 0
registro-backend/internal/grades/service.go:324.16,326.3 1 0
registro-backend/internal/grades/service.go:327.2,327.18 1 0
registro-backend/internal/grades/service.go:327.18,329.3 1 0
registro-backend/internal/grades/service.go:331.2,331.34 1 0
registro-backend/internal/grades/service.go:331.34,333.3 1 0
registro-backend/internal/grades/service.go:336.2,336.70 1 0
registro-backend/internal/grades/service.go:336.70,338.3 1 0
registro-backend/internal/grades/service.go:340.2,349.27 3 0
registro-backend/internal/grades/service.go:349.27,350.42 1 0
registro-backend/internal/grades/service.go:350.42,354.4 3 0
registro-backend/internal/grades/service.go:355.8,357.3 1 0
registro-backend/internal/grades/service.go:359.2,359.28 1 0
registro-backend/internal/grades/service.go:359.28,360.44 1 0
registro-backend/internal/grades/service.go:360.44,364.4 3 0
registro-backend/internal/grades/service.go:365.8,367.3 1 0
registro-backend/internal/grades/service.go:369.2,369.26 1 0
registro-backend/internal/grades/service.go:369.26,372.3 2 0
registro-backend/internal/grades/service.go:373.2,373.23 1 0
registro-backend/internal/grades/service.go:373.23,376.3 2 0
registro-backend/internal/grades/service.go:377.2,377.28 1 0
registro-backend/internal/grades/service.go:377.28,380.3 2 0
registro-backend/internal/grades/service.go:381.2,381.30 1 0
registro-backend/internal/grades/service.go:381.30,384.3 2 0
registro-backend/internal/grades/service.go:386.2,386.14 1 0
registro-backend/internal/grades/service.go:386.14,388.3 1 0
registro-backend/internal/grades/service.go:390.2,392.54 2 0
registro-backend/internal/grades/service.go:392.54,394.3 1 0
registro-backend/internal/grades/service.go:396.2,396.12 1 0
registro-backend/internal/grades/service.go:399.71,401.16 2 0
registro-backend/internal/grades/service.go:401.16,403.3 1 0
registro-backend/internal/grades/service.go:404.2,404.18 1 0
registro-backend/internal/grades/service.go:404.18,406.3 1 0
registro-backend/internal/grades/service.go:408.2,408.34 1 0
registro-backend/internal/grades/service.go:408.34,410.3 1 0
registro-backend/internal/grades/service.go:413.2,413.87 1 0
registro-backend/internal/grades/service.go:413.87,415.3 1 0
registro-backend/internal/grades/service.go:417.2,417.58 1 0
registro-backend/internal/grades/service.go:417.58,419.3 1 0
registro-backend/internal/grades/service.go:420.2,420.12 1 0
registro-backend/internal/grades/service.go:425.116,440.16 2 0
registro-backend/internal/grades/service.go:440.16,442.3 1 0
registro-backend/internal/grades/service.go:443.2,443.17 1 0
registro-backend/internal/grades/service.go:443.17,445.3 1 0
registro-backend/internal/grades/service.go:447.2,447.41 1 0
registro-backend/internal/grades/service.go:450.96,466.16 4 0
registro-backend/internal/grades/service.go:466.16,468.3 1 0
registro-backend/internal/grades/service.go:470.2,471.30 2 0
registro-backend/internal/grades/service.go:471.30,472.21 1 0
registro-backend/internal/grades/service.go:472.21,473.12 1 0
registro-backend/internal/grades/service.go:475.3,475.25 1 0
registro-backend/internal/grades/service.go:475.25,476.12 1 0
registro-backend/internal/grades/service.go:478.3,478.64 1 0
registro-backend/internal/grades/service.go:478.64,479.12 1 0
registro-backend/internal/grades/service.go:481.3,481.64 1 0
registro-backend/internal/grades/service.go:481.64,482.12 1 0
registro-backend/internal/grades/service.go:484.3,484.39 1 0
registro-backend/internal/grades/service.go:488.2,494.32 3 0
registro-backend/internal/grades/service.go:494.32,496.3 1 0
registro-backend/internal/grades/service.go:499.2,499.35 1 0
registro-backend/internal/grades/service.go:499.35,506.3 1 0
registro-backend/internal/grades/service.go:508.2,508.35 1 0
registro-backend/internal/grades/service.go:508.35,515.3 1 0
registro-backend/internal/grades/service.go:517.2,517.22 1 0
registro-backend/internal/grades/service.go:520.85,523.16 2 0
registro-backend/internal/grades/service.go:523.16,525.3 1 0
registro-backend/internal/grades/service.go:528.2,529.27 2 0
registro-backend/internal/grades/service.go:529.27,530.43 1 0
registro-backend/internal/grades/service.go:530.43,531.12 1 0
registro-backend/internal/grades/service.go:533.3,533.48 1 0
registro-backend/internal/grades/service.go:533.48,534.12 1 0
registro-backend/internal/grades/service.go:537.3,537.22 1 0
registro-backend/internal/grades/service.go:537.22,539.4 1 0
registro-backend/internal/grades/service.go:540.3,540.22 1 0
registro-backend/internal/grades/service.go:540.22,542.4 1 0
registro-backend/internal/grades/service.go:545.2,545.61 1 0
registro-backend/internal/grades/service.go:545.61,548.24 2 0
registro-backend/internal/grades/service.go:548.24,550.4 1 0
registro-backend/internal/grades/service.go:552.3,556.40 4 0
registro-backend/internal/grades/service.go:556.40,565.4 4 0
registro-backend/internal/grades/service.go:567.3,568.19 2 0
registro-backend/internal/grades/service.go:568.19,570.4 1 0
registro-backend/internal/grades/service.go:572.3,573.20 2 0
registro-backend/internal/grades/service.go:573.20,575.4 1 0
registro-backend/internal/grades/service.go:575.9,575.27 1 0
registro-backend/internal/grades/service.go:575.27,577.4 1 0
registro-backend/internal/grades/service.go:579.3,583.4 1 0
registro-backend/internal/grades/service.go:586.2,589.8 1 0
registro-backend/internal/grades/service.go:592.90,597.16 2 0
registro-backend/internal/grades/service.go:597.16,599.3 1 0
registro-backend/internal/grades/service.go:601.2,602.27 2 0
registro-backend/internal/grades/service.go:602.27,603.43 1 0
registro-backend/internal/grades/service.go:603.43,604.12 1 0
registro-backend/internal/grades/service.go:606.3,606.50 1 0
registro-backend/internal/grades/service.go:606.50,607.12 1 0
registro-backend/internal/grades/service.go:609.3,609.33 1 0
registro-backend/internal/grades/service.go:613.2,613.43 1 0
registro-backend/internal/grades/service.go:613.43,615.3 1 0
registro-backend/internal/grades/service.go:619.2,622.29 2 0
registro-backend/internal/grades/service.go:622.29,624.51 2 0
registro-backend/internal/grades/service.go:624.52,629.4 0 0
registro-backend/internal/grades/service.go:632.3,633.16 2 0
registro-backend/internal/grades/service.go:633.16,635.4 1 0
registro-backend/internal/grades/service.go:636.3,645.5 3 0
registro-backend/internal/grades/service.go:649.2,650.22 2 0
registro-backend/internal/grades/service.go:650.22,654.17 4 0
registro-backend/internal/grades/service.go:654.17,656.4 1 0
registro-backend/internal/grades/service.go:657.3,657.18 1 0
registro-backend/internal/grades/service.go:657.18,659.4 1 0
registro-backend/internal/grades/service.go:662.2,669.8 1 0
registro-backend/internal/grades/service.go:672.102,675.16 2 0
registro-backend/internal/grades/service.go:675.16,677.3 1 0
registro-backend/internal/grades/service.go:679.2,680.27 2 0
registro-backend/internal/grades/service.go:680.27,681.78 1 0
registro-backend/internal/grades/service.go:681.78,683.4 1 0
registro-backend/internal/grades/service.go:686.2,687.30 2 0
registro-backend/internal/grades/service.go:687.30,689.3 1 0
registro-backend/internal/grades/service.go:691.2,695.32 4 0
registro-backend/internal/grades/service.go:695.32,701.24 4 0
registro-backend/internal/grades/service.go:701.24,703.4 1 0
registro-backend/internal/grades/service.go:705.3,706.13 2 0
registro-backend/internal/grades/service.go:706.13,708.4 1 0
registro-backend/internal/grades/service.go:710.3,715.5 1 0
registro-backend/internal/grades/service.go:718.2,719.23 2 0
registro-backend/internal/grades/service.go:719.23,721.3 1 0
registro-backend/internal/grades/service.go:723.2,724.55 2 0
registro-backend/internal/grades/service.go:724.55,726.3 1 0
registro-backend/internal/grades/service.go:728.2,734.8 1 0
registro-backend/internal/grades/service.go:738.65,740.27 2 1
registro-backend/internal/grades/service.go:740.27,742.3 1 1
registro-backend/internal/grades/service.go:743.2,743.18 1 1
registro-backend/internal/grades/service.go:746.60,760.2 1 1
registro-backend/internal/grades/validator.go:15.42,17.2 1 1
registro-backend/internal/grades/validator.go:20.79,21.30 1 1
registro-backend/internal/grades/validator.go:22.24,23.30 1 1
registro-backend/internal/grades/validator.go:23.30,25.4 1 1
registro-backend/internal/grades/validator.go:27.25,35.30 1 1
registro-backend/internal/grades/validator.go:35.30,37.4 1 1
registro-backend/internal/grades/validator.go:38.23,39.17 1 1
registro-backend/internal/grades/validator.go:39.17,41.4 1 1
registro-backend/internal/grades/validator.go:42.27,43.29 1 1
registro-backend/internal/grades/validator.go:43.29,45.4 1 1
registro-backend/internal/grades/validator.go:46.10,46.10 0 0
registro-backend/internal/grades/validator.go:49.2,49.12 1 1
registro-backend/internal/grades/validator.go:53.67,55.28 2 0
registro-backend/internal/grades/validator.go:55.28,56.37 1 0
registro-backend/internal/grades/validator.go:56.37,58.4 1 0
registro-backend/internal/grades/validator.go:60.2,60.42 1 0
registro-backend/internal/grades/validator.go:64.103,70.16 4 0
registro-backend/internal/grades/validator.go:70.16,71.27 1 0
registro-backend/internal/grades/validator.go:71.27,73.4 1 0
registro-backend/internal/grades/validator.go:77.3,77.57 1 0
registro-backend/internal/grades/validator.go:79.2,79.12 1 0
registro-backend/internal/grades/validator.go:83.83,95.16 4 0
registro-backend/internal/grades/validator.go:95.16,97.3 1 0
registro-backend/internal/grades/validator.go:98.2,98.12 1 0
registro-backend/internal/grades/validator.go:102.75,104.41 2 1
registro-backend/internal/grades/validator.go:104.41,106.3 1 1
registro-backend/internal/grades/validator.go:107.2,107.41 1 1
registro-backend/internal/grades/validator.go:107.41,109.3 1 1
registro-backend/internal/grades/validator.go:111.2,112.43 2 1
registro-backend/internal/grades/validator.go:112.43,114.3 1 0
registro-backend/internal/grades/validator.go:116.2,116.12 1 1
registro-backend/internal/grades/validator.go:120.60,121.21 1 1
registro-backend/internal/grades/validator.go:121.21,123.3 1 1
registro-backend/internal/grades/validator.go:126.2,127.115 2 1
registro-backend/internal/grades/validator.go:127.115,129.3 1 1
registro-backend/internal/grades/validator.go:130.2,130.12 1 1
registro-backend/internal/grades/validator.go:134.64,135.42 1 0
registro-backend/internal/grades/validator.go:135.42,137.3 1 0
registro-backend/internal/grades/validator.go:138.2,138.12 1 0
registro-backend/internal/grades/validator.go:143.91,144.76 1 0
registro-backend/internal/grades/validator.go:144.76,146.3 1 0
registro-backend/internal/grades/validator.go:147.2,147.63 1 0
registro-backend/internal/grades/validator.go:147.63,149.3 1 0
registro-backend/internal/grades/validator.go:150.2,150.79 1 0
registro-backend/internal/grades/validator.go:150.79,152.3 1 0
registro-backend/internal/grades/validator.go:159.2,159.12 1 0
registro-backend/internal/grades/validator.go:162.85,163.70 1 0
registro-backend/internal/grades/validator.go:163.70,165.3 1 0
registro-backend/internal/grades/validator.go:167.2,167.51 1 0
registro-backend/internal/grades/validator.go:167.51,168.79 1 0
registro-backend/internal/grades/validator.go:168.79,170.4 1 0
registro-backend/internal/grades/validator.go:171.8,171.34 1 0
registro-backend/internal/grades/validator.go:171.34,172.88 1 0
registro-backend/internal/grades/validator.go:172.88,174.4 1 0
registro-backend/internal/grades/validator.go:177.2,177.28 1 0
registro-backend/internal/grades/validator.go:177.28,178.65 1 0
registro-backend/internal/grades/validator.go:178.65,180.4 1 0
registro-backend/internal/grades/validator.go:182.2,182.12 1 0
registro-backend/internal/grades/validator.go:185.36,188.2 2 0
registro-backend/internal/admin/handler.go:17.44,21.2 1 1
registro-backend/internal/admin/handler.go:25.53,30.19 4 1
registro-backend/internal/admin/handler.go:30.19,32.13 2 0
registro-backend/internal/admin/handler.go:32.13,34.4 1 0
registro-backend/internal/admin/handler.go:37.2,38.16 2 1
registro-backend/internal/admin/handler.go:38.16,44.3 2 0
registro-backend/internal/admin/handler.go:46.2,46.30 1 1
registro-backend/internal/admin/handler.go:51.47,53.48 2 1
registro-backend/internal/admin/handler.go:53.48,59.3 2 0
registro-backend/internal/admin/handler.go:62.2,64.26 3 1
registro-backend/internal/admin/handler.go:64.26,66.3 1 0
registro-backend/internal/admin/handler.go:68.2,69.16 2 1
registro-backend/internal/admin/handler.go:69.16,75.3 2 1
registro-backend/internal/admin/handler.go:77.2,77.32 1 1
registro-backend/internal/admin/handler.go:82.45,86.35 2 1
registro-backend/internal/admin/handler.go:86.35,92.3 2 0
registro-backend/internal/admin/handler.go:94.2,95.16 2 1
registro-backend/internal/admin/handler.go:95.16,96.31 1 1
registro-backend/internal/admin/handler.go:96.31,101.4 2 1
registro-backend/internal/admin/handler.go:102.3,106.9 2 0
registro-backend/internal/admin/handler.go:109.2,109.31 1 1
registro-backend/internal/admin/handler.go:114.48,116.47 2 1
registro-backend/internal/admin/handler.go:116.47,122.3 2 1
registro-backend/internal/admin/handler.go:124.2,125.16 2 1
registro-backend/internal/admin/handler.go:125.16,131.3 2 1
registro-backend/internal/admin/handler.go:134.2,137.36 3 1
registro-backend/internal/admin/handler.go:142.48,146.35 2 0
registro-backend/internal/admin/handler.go:146.35,152.3 2 0
registro-backend/internal/admin/handler.go:154.2,155.47 2 0
registro-backend/internal/admin/handler.go:155.47,161.3 2 0
registro-backend/internal/admin/handler.go:163.2,164.16 2 0
registro-backend/internal/admin/handler.go:164.16,170.3 2 0
registro-backend/internal/admin/handler.go:173.2,176.31 3 0
registro-backend/internal/admin/handler.go:181.48,185.16 3 1
registro-backend/internal/admin/handler.go:185.16,191.3 2 1
registro-backend/internal/admin/handler.go:194.2,197.80 3 1
registro-backend/internal/admin/handler.go:202.50,206.35 3 1
registro-backend/internal/admin/handler.go:206.35,207.55 1 1
registro-backend/internal/admin/handler.go:207.55,209.4 1 0
registro-backend/internal/admin/handler.go:211.2,211.42 1 1
registro-backend/internal/admin/handler.go:211.42,212.60 1 1
registro-backend/internal/admin/handler.go:212.60,214.4 1 0
registro-backend/internal/admin/handler.go:217.2,219.24 3 1
registro-backend/internal/admin/handler.go:219.24,221.3 1 0
registro-backend/internal/admin/handler.go:223.2,224.16 2 1
registro-backend/internal/admin/handler.go:224.16,230.3 2 1
registro-backend/internal/admin/handler.go:232.2,232.31 1 1
registro-backend/internal/admin/handler.go:237.51,239.47 2 0
registro-backend/internal/admin/handler.go:239.47,245.3 2 0
registro-backend/internal/admin/handler.go:247.2,248.16 2 0
registro-backend/internal/admin/handler.go:248.16,249.28 1 0
registro-backend/internal/admin/handler.go:249.28,254.4 2 0
registro-backend/internal/admin/handler.go:255.3,259.9 2 0
registro-backend/internal/admin/handler.go:263.2,266.35 3 0
registro-backend/internal/admin/handler.go:271.51,275.47 3 0
registro-backend/internal/admin/handler.go:275.47,281.3 2 0
registro-backend/internal/admin/handler.go:283.2,284.16 2 0
registro-backend/internal/admin/handler.go:284.16,290.3 2 0
registro-backend/internal/admin/handler.go:293.2,296.30 3 0
registro-backend/internal/admin/handler.go:301.51,306.16 4 0
registro-backend/internal/admin/handler.go:306.16,307.33 1 0
registro-backend/internal/admin/handler.go:307.33,312.4 2 0
registro-backend/internal/admin/handler.go:313.3,317.9 2 0
registro-backend/internal/admin/handler.go:321.2,323.84 2 0
registro-backend/internal/admin/handler.go:328.52,332.36 3 0
registro-backend/internal/admin/handler.go:332.36,333.56 1 0
registro-backend/internal/admin/handler.go:333.56,335.4 1 0
registro-backend/internal/admin/handler.go:338.2,339.16 2 0
registro-backend/internal/admin/handler.go:339.16,345.3 2 0
registro-backend/internal/admin/handler.go:347.2,350.4 1 0
registro-backend/internal/admin/handler.go:354.83,357.2 3 0
registro-backend/internal/admin/handler.go:357.2,364.3 4 0
registro-backend/internal/admin/handler.go:364.3,372.4 5 0
registro-backend/internal/admin/handler.go:375.3,377.3 3 0
registro-backend/internal/admin/handler.go:377.3,383.4 5 0
registro-backend/internal/admin/handler.go:386.3,386.76 1 0
registro-backend/internal/admin/handler.go:392.49,394.48 2 1
registro-backend/internal/admin/handler.go:394.48,400.3 2 0
registro-backend/internal/admin/handler.go:402.2,403.16 2 1
registro-backend/internal/admin/handler.go:403.16,409.3 2 0
registro-backend/internal/admin/handler.go:411.2,411.29 1 1
registro-backend/internal/admin/middleware.go:14.34,16.2 1 0
registro-backend/internal/admin/middleware.go:19.58,20.30 1 0
registro-backend/internal/admin/middleware.go:20.30,22.38 2 0
registro-backend/internal/admin/middleware.go:22.38,29.4 3 0
registro-backend/internal/admin/middleware.go:30.3,30.11 1 0
registro-backend/internal/admin/middleware.go:35.65,36.30 1 0
registro-backend/internal/admin/middleware.go:36.30,38.14 2 0
registro-backend/internal/admin/middleware.go:38.14,45.4 3 0
registro-backend/internal/admin/middleware.go:47.3,47.46 1 0
registro-backend/internal/admin/middleware.go:47.46,54.4 3 0
registro-backend/internal/admin/middleware.go:55.3,55.11 1 0
registro-backend/internal/admin/middleware.go:61.56,62.30 1 0
registro-backend/internal/admin/middleware.go:62.30,66.22 2 0
registro-backend/internal/admin/middleware.go:66.22,68.32 2 0
registro-backend/internal/admin/middleware.go:68.32,70.5 1 0
registro-backend/internal/admin/middleware.go:73.3,73.11 1 0
registro-backend/internal/admin/middleware.go:79.49,80.59 1 1
registro-backend/internal/admin/middleware.go:80.59,81.38 1 0
registro-backend/internal/admin/middleware.go:81.38,83.4 1 0
registro-backend/internal/admin/middleware.go:85.2,85.11 1 1
registro-backend/internal/admin/middleware.go:89.40,92.2 2 1
registro-backend/internal/admin/middleware.go:95.60,97.21 1 1
registro-backend/internal/admin/middleware.go:97.21,99.3 1 1
registro-backend/internal/admin/middleware.go:102.2,103.32 2 0
registro-backend/internal/admin/middleware.go:103.32,105.3 1 0
registro-backend/internal/admin/middleware.go:107.2,108.13 2 0
registro-backend/internal/admin/middleware.go:108.13,110.3 1 0
registro-backend/internal/admin/middleware.go:112.2,112.33 1 0
registro-backend/internal/admin/service.go:15.43,19.2 1 1
registro-backend/internal/admin/service.go:22.128,26.18 2 1
registro-backend/internal/admin/service.go:26.18,28.17 2 1
registro-backend/internal/admin/service.go:28.17,30.4 1 0
registro-backend/internal/admin/service.go:31.3,31.29 1 1
registro-backend/internal/admin/service.go:32.8,34.3 1 0
registro-backend/internal/admin/service.go:37.2,38.16 2 1
registro-backend/internal/admin/service.go:38.16,40.3 1 0
registro-backend/internal/admin/service.go:41.2,44.16 3 1
registro-backend/internal/admin/service.go:44.16,46.3 1 0
registro-backend/internal/admin/service.go:47.2,50.16 3 1
registro-backend/internal/admin/service.go:50.16,52.3 1 0
registro-backend/internal/admin/service.go:53.2,57.16 3 1
registro-backend/internal/admin/service.go:57.16,59.3 1 0
registro-backend/internal/admin/service.go:60.2,64.16 3 1
registro-backend/internal/admin/service.go:64.16,66.3 1 0
registro-backend/internal/admin/service.go:67.2,70.18 2 1
registro-backend/internal/admin/service.go:70.18,72.17 2 1
registro-backend/internal/admin/service.go:72.17,77.4 1 0
registro-backend/internal/admin/service.go:78.3,78.30 1 1
registro-backend/internal/admin/service.go:81.2,81.19 1 1
registro-backend/internal/admin/service.go:85.123,87.18 1 1
registro-backend/internal/admin/service.go:87.18,89.3 1 1
registro-backend/internal/admin/service.go:90.2,90.44 1 1
registro-backend/internal/admin/service.go:90.44,92.3 1 1
registro-backend/internal/admin/service.go:95.2,99.16 3 1
registro-backend/internal/admin/service.go:99.16,101.3 1 1
registro-backend/internal/admin/service.go:104.2,112.8 2 1
registro-backend/internal/admin/service.go:116.114,118.54 1 1
registro-backend/internal/admin/service.go:118.54,120.3 1 0
registro-backend/internal/admin/service.go:122.2,123.16 2 1
registro-backend/internal/admin/service.go:123.16,125.3 1 1
registro-backend/internal/admin/service.go:127.2,127.20 1 1
registro-backend/internal/admin/service.go:131.104,134.16 2 1
registro-backend/internal/admin/service.go:134.16,136.3 1 0
registro-backend/internal/admin/service.go:137.2,137.12 1 1
registro-backend/internal/admin/service.go:137.12,139.3 1 0
registro-backend/internal/admin/service.go:141.2,142.16 2 1
registro-backend/internal/admin/service.go:142.16,144.3 1 1
registro-backend/internal/admin/service.go:146.2,146.20 1 1
registro-backend/internal/admin/service.go:150.143,152.54 1 0
registro-backend/internal/admin/service.go:152.54,154.3 1 0
registro-backend/internal/admin/service.go:156.2,157.16 2 0
registro-backend/internal/admin/service.go:157.16,159.3 1 0
registro-backend/internal/admin/service.go:161.2,161.20 1 0
registro-backend/internal/admin/service.go:165.76,167.2 1 1
registro-backend/internal/admin/service.go:170.129,172.14 1 1
registro-backend/internal/admin/service.go:172.14,174.3 1 0
registro-backend/internal/admin/service.go:175.2,175.36 1 1
registro-backend/internal/admin/service.go:175.36,177.3 1 0
registro-backend/internal/admin/service.go:179.2,182.16 3 1
registro-backend/internal/admin/service.go:182.16,184.3 1 1
registro-backend/internal/admin/service.go:186.2,194.8 2 1
registro-backend/internal/admin/service.go:198.109,200.73 1 0
registro-backend/internal/admin/service.go:200.73,202.3 1 0
registro-backend/internal/admin/service.go:205.2,205.53 1 0
registro-backend/internal/admin/service.go:205.53,207.3 1 0
registro-backend/internal/admin/service.go:210.2,211.16 2 0
registro-backend/internal/admin/service.go:211.16,213.3 1 0
registro-backend/internal/admin/service.go:214.2,214.12 1 0
registro-backend/internal/admin/service.go:214.12,216.3 1 0
registro-backend/internal/admin/service.go:218.2,219.16 2 0
registro-backend/internal/admin/service.go:219.16,221.3 1 0
registro-backend/internal/admin/service.go:223.2,223.19 1 0
registro-backend/internal/admin/service.go:227.125,229.16 2 0
registro-backend/internal/admin/service.go:229.16,231.3 1 0
registro-backend/internal/admin/service.go:233.2,233.19 1 0
registro-backend/internal/admin/service.go:237.93,239.30 1 0
registro-backend/internal/admin/service.go:239.30,241.3 1 0
registro-backend/internal/admin/service.go:243.2,243.45 1 0
registro-backend/internal/admin/service.go:247.112,248.30 1 0
registro-backend/internal/admin/service.go:248.30,250.3 1 0
registro-backend/internal/admin/service.go:252.2,252.53 1 0
registro-backend/internal/admin/service.go:256.111,257.18 1 1
registro-backend/internal/admin/service.go:257.18,259.3 1 1
registro-backend/internal/admin/service.go:260.2,260.44 1 1
registro-backend/internal/admin/service.go:260.44,262.3 1 1
registro-backend/internal/admin/service.go:264.2,267.16 3 1
registro-backend/internal/admin/service.go:267.16,269.3 1 0
registro-backend/internal/admin/service.go:271.2,279.8 2 1
registro-backend/internal/admin/service.go:283.149,285.2 1 1
registro-backend/internal/teachers/handler.go:13.44,15.2 1 0
registro-backend/internal/teachers/handler.go:17.41,19.13 2 0
registro-backend/internal/teachers/handler.go:19.13,21.3 1 0
registro-backend/internal/teachers/handler.go:22.2,22.21 1 0
registro-backend/internal/teachers/handler.go:25.40,28.21 2 0
registro-backend/internal/teachers/handler.go:28.21,30.17 2 0
registro-backend/internal/teachers/handler.go:30.17,33.4 2 0
registro-backend/internal/teachers/handler.go:34.3,35.9 2 0
registro-backend/internal/teachers/handler.go:38.2,39.20 2 0
registro-backend/internal/teachers/handler.go:39.20,42.3 2 0
registro-backend/internal/teachers/handler.go:43.2,44.16 2 0
registro-backend/internal/teachers/handler.go:44.16,47.3 2 0
registro-backend/internal/teachers/handler.go:48.2,48.33 1 0
registro-backend/internal/teachers/handler.go:51.39,53.16 2 0
registro-backend/internal/teachers/handler.go:53.16,56.3 2 0
registro-backend/internal/teachers/handler.go:57.2,57.32 1 0
registro-backend/internal/teachers/handler.go:60.47,62.16 2 0
registro-backend/internal/teachers/handler.go:62.16,65.3 2 0
registro-backend/internal/teachers/handler.go:66.2,66.28 1 0
registro-backend/internal/teachers/handler.go:69.49,71.47 2 0
registro-backend/internal/teachers/handler.go:71.47,74.3 2 0
registro-backend/internal/teachers/handler.go:75.2,75.99 1 0
registro-backend/internal/teachers/handler.go:75.99,78.3 2 0
registro-backend/internal/teachers/handler.go:79.2,79.30 1 0
registro-backend/internal/teachers/handler.go:82.49,83.106 1 0
registro-backend/internal/teachers/handler.go:83.106,86.3 2 0
registro-backend/internal/teachers/handler.go:87.2,87.32 1 0
registro-backend/internal/teachers/handler.go:90.55,92.2 2 0
registro-backend/internal/teachers/handler.go:92.2,98.3 5 0
registro-backend/internal/teachers/repository.go:26.43,28.2 1 0
registro-backend/internal/teachers/repository.go:30.92,40.16 3 0
registro-backend/internal/teachers/repository.go:40.16,42.3 1 0
registro-backend/internal/teachers/repository.go:43.2,46.18 3 0
registro-backend/internal/teachers/repository.go:46.18,54.17 5 0
registro-backend/internal/teachers/repository.go:54.17,56.4 1 0
registro-backend/internal/teachers/repository.go:57.3,57.18 1 0
registro-backend/internal/teachers/repository.go:57.18,60.4 2 0
registro-backend/internal/teachers/repository.go:61.3,62.33 2 0
registro-backend/internal/teachers/repository.go:64.2,64.22 1 0
registro-backend/internal/teachers/repository.go:67.84,82.16 6 0
registro-backend/internal/teachers/repository.go:82.16,83.27 1 0
registro-backend/internal/teachers/repository.go:83.27,85.4 1 0
registro-backend/internal/teachers/repository.go:86.3,86.18 1 0
registro-backend/internal/teachers/repository.go:88.2,88.17 1 0
registro-backend/internal/teachers/repository.go:88.17,91.3 2 0
registro-backend/internal/teachers/repository.go:92.2,93.16 2 0
registro-backend/internal/teachers/repository.go:96.96,100.16 4 0
registro-backend/internal/teachers/repository.go:100.16,102.3 1 0
registro-backend/internal/teachers/repository.go:103.2,103.23 1 0
registro-backend/internal/teachers/repository.go:106.107,115.16 3 0
registro-backend/internal/teachers/repository.go:115.16,117.3 1 0
registro-backend/internal/teachers/repository.go:118.2,121.18 3 0
registro-backend/internal/teachers/repository.go:121.18,124.17 3 0
registro-backend/internal/teachers/repository.go:124.17,126.4 1 0
registro-backend/internal/teachers/repository.go:127.3,127.32 1 0
registro-backend/internal/teachers/repository.go:129.2,129.21 1 0
registro-backend/internal/teachers/repository.go:132.101,143.16 3 0
registro-backend/internal/teachers/repository.go:143.16,145.3 1 0
registro-backend/internal/teachers/repository.go:146.2,149.18 3 0
registro-backend/internal/teachers/repository.go:149.18,157.17 5 0
registro-backend/internal/teachers/repository.go:157.17,159.4 1 0
registro-backend/internal/teachers/repository.go:160.3,160.18 1 0
registro-backend/internal/teachers/repository.go:160.18,163.4 2 0
registro-backend/internal/teachers/repository.go:164.3,165.33 2 0
registro-backend/internal/teachers/repository.go:167.2,167.22 1 0
registro-backend/internal/teachers/repository.go:170.100,177.2 4 0
registro-backend/internal/teachers/repository.go:179.100,182.2 2 0
registro-backend/internal/teachers/service.go:11.43,13.2 1 1
registro-backend/internal/teachers/service.go:15.89,17.2 1 1
registro-backend/internal/teachers/service.go:19.80,21.2 1 1
registro-backend/internal/teachers/service.go:23.103,25.2 1 1
registro-backend/internal/teachers/service.go:27.98,29.2 1 1
registro-backend/internal/teachers/service.go:31.89,33.2 1 1
registro-backend/internal/teachers/service.go:35.89,37.2 1 1
registro-backend/internal/utils/jwt.go:18.84,30.2 3 1
registro-backend/internal/utils/jwt.go:32.79,33.104 1 1
registro-backend/internal/utils/jwt.go:33.104,35.3 1 1
registro-backend/internal/utils/jwt.go:37.2,37.16 1 1
registro-backend/internal/utils/jwt.go:37.16,39.3 1 1
registro-backend/internal/utils/jwt.go:41.2,41.61 1 1
registro-backend/internal/utils/jwt.go:41.61,43.3 1 1
registro-backend/internal/utils/jwt.go:45.2,45.41 1 0
registro-backend/internal/users/exporter.go:14.30,16.2 1 1
registro-backend/internal/users/exporter.go:18.73,19.20 1 0
registro-backend/internal/users/exporter.go:19.20,21.3 1 0
registro-backend/internal/users/exporter.go:23.2,28.25 4 0
registro-backend/internal/users/exporter.go:28.25,30.3 1 0
registro-backend/internal/users/exporter.go:31.2,31.41 1 0
registro-backend/internal/users/exporter.go:31.41,33.3 1 0
registro-backend/internal/users/exporter.go:36.2,36.27 1 0
registro-backend/internal/users/exporter.go:36.27,38.29 2 0
registro-backend/internal/users/exporter.go:38.29,41.4 2 0
registro-backend/internal/users/exporter.go:42.3,42.41 1 0
registro-backend/internal/users/exporter.go:42.41,44.4 1 0
registro-backend/internal/users/exporter.go:47.2,48.25 2 0
registro-backend/internal/users/exporter.go:51.74,55.20 3 0
registro-backend/internal/users/exporter.go:55.20,58.3 2 0
registro-backend/internal/users/exporter.go:61.2,62.25 2 0
registro-backend/internal/users/exporter.go:62.25,64.3 1 0
registro-backend/internal/users/exporter.go:66.2,66.28 1 0
registro-backend/internal/users/exporter.go:66.28,69.3 2 0
registro-backend/internal/users/exporter.go:72.2,72.27 1 0
registro-backend/internal/users/exporter.go:72.27,73.29 1 0
registro-backend/internal/users/exporter.go:73.29,76.4 2 0
registro-backend/internal/users/exporter.go:79.2,80.16 2 0
registro-backend/internal/users/exporter.go:80.16,82.3 1 0
registro-backend/internal/users/exporter.go:83.2,83.25 1 0
registro-backend/internal/users/exporter.go:86.74,88.2 1 0
registro-backend/internal/users/gdpr.go:15.51,17.2 1 1
registro-backend/internal/users/gdpr.go:22.52,42.2 16 0
registro-backend/internal/users/gdpr.go:45.94,60.2 1 0
registro-backend/internal/users/handler.go:14.44,16.2 1 0
registro-backend/internal/users/handler.go:19.42,21.13 2 0
registro-backend/internal/users/handler.go:21.13,23.3 1 0
registro-backend/internal/users/handler.go:24.2,24.22 1 0
registro-backend/internal/users/handler.go:27.40,29.13 2 0
registro-backend/internal/users/handler.go:29.13,31.3 1 0
registro-backend/internal/users/handler.go:32.2,32.20 1 0
registro-backend/internal/users/handler.go:36.42,38.47 2 0
registro-backend/internal/users/handler.go:38.47,41.3 2 0
registro-backend/internal/users/handler.go:43.2,44.16 2 0
registro-backend/internal/users/handler.go:44.16,45.29 1 0
registro-backend/internal/users/handler.go:45.29,48.4 2 0
registro-backend/internal/users/handler.go:49.3,50.9 2 0
registro-backend/internal/users/handler.go:52.2,52.34 1 0
registro-backend/internal/users/handler.go:57.40,63.23 5 0
registro-backend/internal/users/handler.go:63.23,66.3 2 0
registro-backend/internal/users/handler.go:68.2,70.20 3 0
registro-backend/internal/users/handler.go:70.20,72.3 1 0
registro-backend/internal/users/handler.go:74.2,87.16 3 0
registro-backend/internal/users/handler.go:87.16,88.29 1 0
registro-backend/internal/users/handler.go:88.29,91.4 2 0
registro-backend/internal/users/handler.go:92.3,93.9 2 0
registro-backend/internal/users/handler.go:96.2,102.4 1 0
registro-backend/internal/users/handler.go:106.39,108.16 2 0
registro-backend/internal/users/handler.go:108.16,109.29 1 0
registro-backend/internal/users/handler.go:109.29,112.4 2 0
registro-backend/internal/users/handler.go:113.3,114.9 2 0
registro-backend/internal/users/handler.go:116.2,116.45 1 0
registro-backend/internal/users/handler.go:120.42,122.47 2 0
registro-backend/internal/users/handler.go:122.47,125.3 2 0
registro-backend/internal/users/handler.go:127.2,128.16 2 0
registro-backend/internal/users/handler.go:128.16,131.3 2 0
registro-backend/internal/users/handler.go:132.2,132.45 1 0
registro-backend/internal/users/handler.go:136.42,137.98 1 0
registro-backend/internal/users/handler.go:137.98,140.3 2 0
registro-backend/internal/users/handler.go:141.2,141.32 1 0
registro-backend/internal/users/handler.go:145.43,146.99 1 0
registro-backend/internal/users/handler.go:146.99,149.3 2 0
registro-backend/internal/users/handler.go:150.2,150.58 1 0
registro-backend/internal/users/handler.go:154.46,156.16 2 0
registro-backend/internal/users/handler.go:156.16,159.3 2 0
registro-backend/internal/users/handler.go:160.2,163.16 3 0
registro-backend/internal/users/handler.go:163.16,166.3 2 0
registro-backend/internal/users/handler.go:167.2,167.28 1 0
registro-backend/internal/users/handler.go:171.50,173.47 2 0
registro-backend/internal/users/handler.go:173.47,176.3 2 0
registro-backend/internal/users/handler.go:181.2,183.55 3 0
registro-backend/internal/users/handler.go:183.55,186.3 2 0
registro-backend/internal/users/handler.go:188.2,188.85 1 0
registro-backend/internal/users/handler.go:188.85,191.3 2 0
registro-backend/internal/users/handler.go:192.2,192.61 1 0
registro-backend/internal/users/handler.go:196.54,200.48 2 0
registro-backend/internal/users/handler.go:200.48,203.3 2 0
registro-backend/internal/users/handler.go:205.2,205.119 1 0
registro-backend/internal/users/handler.go:205.119,208.3 2 0
registro-backend/internal/users/handler.go:209.2,209.59 1 0
registro-backend/internal/users/handler.go:213.47,215.47 2 0
registro-backend/internal/users/handler.go:215.47,218.3 2 0
registro-backend/internal/users/handler.go:221.2,224.16 2 0
registro-backend/internal/users/handler.go:224.16,227.3 2 0
registro-backend/internal/users/handler.go:229.2,229.45 1 0
registro-backend/internal/users/handler.go:233.47,235.16 2 0
registro-backend/internal/users/handler.go:235.16,238.3 2 0
registro-backend/internal/users/handler.go:239.2,239.60 1 0
registro-backend/internal/users/handler.go:243.46,245.16 2 0
registro-backend/internal/users/handler.go:245.16,248.3 2 0
registro-backend/internal/users/handler.go:249.2,249.29 1 0
registro-backend/internal/users/handler.go:253.46,254.98 1 0
registro-backend/internal/users/handler.go:254.98,257.3 2 0
registro-backend/internal/users/handler.go:258.2,258.63 1 0
registro-backend/internal/users/handler.go:262.46,263.98 1 0
registro-backend/internal/users/handler.go:263.98,266.3 2 0
registro-backend/internal/users/handler.go:267.2,267.57 1 0
registro-backend/internal/users/handler.go:271.49,273.19 2 0
registro-backend/internal/users/handler.go:273.19,276.3 2 0
registro-backend/internal/users/handler.go:278.2,279.16 2 0
registro-backend/internal/users/handler.go:279.16,282.3 2 0
registro-backend/internal/users/handler.go:283.2,283.33 1 0
registro-backend/internal/users/handler.go:287.43,297.2 1 0
registro-backend/internal/users/handler.go:299.51,301.26 2 0
registro-backend/internal/users/handler.go:301.26,303.3 1 0
registro-backend/internal/users/handler.go:304.2,304.12 1 0
registro-backend/internal/users/importer.go:20.30,24.2 1 1
registro-backend/internal/users/importer.go:26.94,27.41 1 0
registro-backend/internal/users/importer.go:27.41,29.3 1 0
registro-backend/internal/users/importer.go:29.8,29.49 1 0
registro-backend/internal/users/importer.go:29.49,31.3 1 0
registro-backend/internal/users/importer.go:32.2,32.56 1 0
registro-backend/internal/users/importer.go:35.68,38.16 3 0
registro-backend/internal/users/importer.go:38.16,40.3 1 0
registro-backend/internal/users/importer.go:42.2,42.19 1 0
registro-backend/internal/users/importer.go:42.19,44.3 1 0
registro-backend/internal/users/importer.go:46.2,46.32 1 0
registro-backend/internal/users/importer.go:49.69,51.16 2 0
registro-backend/internal/users/importer.go:51.16,53.3 1 0
registro-backend/internal/users/importer.go:54.2,58.16 3 0
registro-backend/internal/users/importer.go:58.16,60.3 1 0
registro-backend/internal/users/importer.go:62.2,62.19 1 0
registro-backend/internal/users/importer.go:62.19,64.3 1 0
registro-backend/internal/users/importer.go:66.2,66.32 1 0
registro-backend/internal/users/importer.go:69.75,73.29 3 0
registro-backend/internal/users/importer.go:73.29,74.19 1 0
registro-backend/internal/users/importer.go:74.19,76.12 2 0
registro-backend/internal/users/importer.go:80.3,87.51 6 0
registro-backend/internal/users/importer.go:87.51,89.12 2 0
registro-backend/internal/users/importer.go:91.3,91.50 1 0
registro-backend/internal/users/importer.go:91.50,93.12 2 0
registro-backend/internal/users/importer.go:98.3,111.5 2 0
registro-backend/internal/users/importer.go:114.2,114.27 1 0
registro-backend/internal/users/repository.go:61.108,73.16 3 0
registro-backend/internal/users/repository.go:73.16,75.3 1 0
registro-backend/internal/users/repository.go:76.2,79.18 3 0
registro-backend/internal/users/repository.go:79.18,81.105 2 0
registro-backend/internal/users/repository.go:81.105,83.4 1 0
registro-backend/internal/users/repository.go:84.3,84.33 1 0
registro-backend/internal/users/repository.go:86.2,86.22 1 0
registro-backend/internal/users/repository.go:89.43,91.2 1 0
registro-backend/internal/users/repository.go:93.76,95.16 2 0
registro-backend/internal/users/repository.go:95.16,97.3 1 0
registro-backend/internal/users/repository.go:101.2,118.16 3 0
registro-backend/internal/users/repository.go:118.16,119.39 1 0
registro-backend/internal/users/repository.go:119.39,120.29 1 0
registro-backend/internal/users/repository.go:120.29,121.49 1 0
registro-backend/internal/users/repository.go:121.49,124.6 2 0
registro-backend/internal/users/repository.go:125.5,125.55 1 0
registro-backend/internal/users/repository.go:125.55,128.6 2 0
registro-backend/internal/users/repository.go:131.3,132.13 2 0
registro-backend/internal/users/repository.go:136.2,136.52 1 0
registro-backend/internal/users/repository.go:136.52,139.17 3 0
registro-backend/internal/users/repository.go:139.17,142.4 2 0
registro-backend/internal/users/repository.go:145.2,145.20 1 0
registro-backend/internal/users/repository.go:148.85,167.26 5 0
registro-backend/internal/users/repository.go:167.26,169.3 1 0
registro-backend/internal/users/repository.go:170.2,171.22 2 0
registro-backend/internal/users/repository.go:171.22,173.3 1 0
registro-backend/internal/users/repository.go:173.8,173.32 1 0
registro-backend/internal/users/repository.go:173.32,175.3 1 0
registro-backend/internal/users/repository.go:176.2,176.16 1 0
registro-backend/internal/users/repository.go:179.91,185.26 4 0
registro-backend/internal/users/repository.go:185.26,187.3 1 0
registro-backend/internal/users/repository.go:188.2,188.16 1 0
registro-backend/internal/users/repository.go:191.76,193.16 2 0
registro-backend/internal/users/repository.go:193.16,195.3 1 0
registro-backend/internal/users/repository.go:196.2,211.16 4 0
registro-backend/internal/users/repository.go:211.16,213.3 1 0
registro-backend/internal/users/repository.go:214.2,215.15 2 0
registro-backend/internal/users/repository.go:215.15,217.3 1 0
registro-backend/internal/users/repository.go:220.2,220.52 1 0
registro-backend/internal/users/repository.go:220.52,231.17 3 0
registro-backend/internal/users/repository.go:231.17,233.4 1 0
registro-backend/internal/users/repository.go:236.2,236.20 1 0
registro-backend/internal/users/repository.go:239.75,242.16 3 0
registro-backend/internal/users/repository.go:242.16,244.3 1 0
registro-backend/internal/users/repository.go:245.2,246.15 2 0
registro-backend/internal/users/repository.go:246.15,248.3 1 0
registro-backend/internal/users/repository.go:249.2,249.12 1 0
registro-backend/internal/users/repository.go:252.76,255.16 3 0
registro-backend/internal/users/repository.go:255.16,257.3 1 0
registro-backend/internal/users/repository.go:258.2,259.15 2 0
registro-backend/internal/users/repository.go:259.15,261.3 1 0
registro-backend/internal/users/repository.go:262.2,262.12 1 0
registro-backend/internal/users/repository.go:265.96,323.23 5 0
registro-backend/internal/users/repository.go:323.23,326.3 2 0
registro-backend/internal/users/repository.go:327.2,327.23 1 0
registro-backend/internal/users/repository.go:327.23,332.3 4 0
registro-backend/internal/users/repository.go:333.2,333.34 1 0
registro-backend/internal/users/repository.go:333.34,335.38 2 0
registro-backend/internal/users/repository.go:335.38,339.4 3 0
registro-backend/internal/users/repository.go:340.3,341.79 2 0
registro-backend/internal/users/repository.go:343.2,343.28 1 0
registro-backend/internal/users/repository.go:343.28,348.3 4 0
registro-backend/internal/users/repository.go:349.2,349.28 1 0
registro-backend/internal/users/repository.go:349.28,354.3 4 0
registro-backend/internal/users/repository.go:355.2,355.24 1 0
registro-backend/internal/users/repository.go:355.24,361.3 5 0
registro-backend/internal/users/repository.go:364.2,366.16 3 0
registro-backend/internal/users/repository.go:366.16,368.3 1 0
registro-backend/internal/users/repository.go:371.2,372.25 2 0
registro-backend/internal/users/repository.go:372.25,374.24 1 0
registro-backend/internal/users/repository.go:375.20,376.26 1 0
registro-backend/internal/users/repository.go:377.16,378.22 1 0
registro-backend/internal/users/repository.go:379.15,380.21 1 0
registro-backend/internal/users/repository.go:381.21,382.24 1 0
registro-backend/internal/users/repository.go:385.2,386.48 2 0
registro-backend/internal/users/repository.go:386.48,388.3 1 0
registro-backend/internal/users/repository.go:390.2,394.16 4 0
registro-backend/internal/users/repository.go:394.16,396.3 1 0
registro-backend/internal/users/repository.go:397.2,400.18 3 0
registro-backend/internal/users/repository.go:400.18,407.17 3 0
registro-backend/internal/users/repository.go:407.17,409.4 1 0
registro-backend/internal/users/repository.go:411.3,414.23 2 0
registro-backend/internal/users/repository.go:414.23,416.4 1 0
registro-backend/internal/users/repository.go:416.9,416.33 1 0
registro-backend/internal/users/repository.go:416.33,418.4 1 0
registro-backend/internal/users/repository.go:420.3,420.27 1 0
registro-backend/internal/users/repository.go:423.2,423.26 1 0
registro-backend/internal/users/repository.go:426.91,427.19 1 0
registro-backend/internal/users/repository.go:427.19,429.3 1 0
registro-backend/internal/users/repository.go:431.2,433.25 3 0
registro-backend/internal/users/repository.go:433.25,436.3 2 0
registro-backend/internal/users/repository.go:437.2,440.16 3 0
registro-backend/internal/users/repository.go:440.16,442.3 1 0
registro-backend/internal/users/repository.go:443.2,446.18 3 0
registro-backend/internal/users/repository.go:446.18,448.88 2 0
registro-backend/internal/users/repository.go:448.88,450.4 1 0
registro-backend/internal/users/repository.go:451.3,451.27 1 0
registro-backend/internal/users/repository.go:453.2,453.19 1 0
registro-backend/internal/users/repository.go:456.79,459.2 2 0
registro-backend/internal/users/repository.go:461.81,467.2 2 0
registro-backend/internal/users/repository.go:469.123,480.16 5 0
registro-backend/internal/users/repository.go:480.16,482.3 1 0
registro-backend/internal/users/repository.go:483.2,485.18 2 0
registro-backend/internal/users/repository.go:485.18,489.3 3 0
registro-backend/internal/users/repository.go:490.2,490.25 1 0
registro-backend/internal/users/repository.go:493.99,495.16 2 0
registro-backend/internal/users/repository.go:495.16,497.3 1 0
registro-backend/internal/users/repository.go:498.2,502.16 3 0
registro-backend/internal/users/repository.go:502.16,504.3 1 0
registro-backend/internal/users/repository.go:505.2,510.26 4 0
registro-backend/internal/users/repository.go:510.26,512.17 2 0
registro-backend/internal/users/repository.go:512.17,514.12 2 0
registro-backend/internal/users/repository.go:516.3,516.10 1 0
registro-backend/internal/users/repository.go:519.2,519.49 1 0
registro-backend/internal/users/repository.go:519.49,521.3 1 0
registro-backend/internal/users/repository.go:523.2,523.36 1 0
registro-backend/internal/users/repository.go:523.36,525.3 1 0
registro-backend/internal/users/repository.go:527.2,527.25 1 0
registro-backend/internal/users/repository.go:530.115,562.16 4 0
registro-backend/internal/users/repository.go:562.16,564.3 1 0
registro-backend/internal/users/repository.go:565.2,565.20 1 0
registro-backend/internal/users/repository.go:568.85,572.26 4 0
registro-backend/internal/users/repository.go:572.26,574.3 1 0
registro-backend/internal/users/repository.go:575.2,575.16 1 0
registro-backend/internal/users/repository.go:575.16,577.3 1 0
registro-backend/internal/users/repository.go:578.2,578.22 1 0
registro-backend/internal/users/service.go:30.43,39.2 1 1
registro-backend/internal/users/service.go:42.107,43.69 1 1
registro-backend/internal/users/service.go:43.69,45.3 1 1
registro-backend/internal/users/service.go:47.2,47.53 1 1
registro-backend/internal/users/service.go:47.53,49.3 1 0
registro-backend/internal/users/service.go:50.2,50.49 1 1
registro-backend/internal/users/service.go:50.49,52.3 1 1
registro-backend/internal/users/service.go:54.2,55.16 2 1
registro-backend/internal/users/service.go:55.16,57.3 1 0
registro-backend/internal/users/service.go:59.2,76.49 2 1
registro-backend/internal/users/service.go:76.49,78.3 1 0
registro-backend/internal/users/service.go:81.2,90.18 2 1
registro-backend/internal/users/service.go:93.93,95.2 1 0
registro-backend/internal/users/service.go:97.97,99.2 1 0
registro-backend/internal/users/service.go:101.92,102.67 1 1
registro-backend/internal/users/service.go:102.67,104.3 1 1
registro-backend/internal/users/service.go:105.2,105.32 1 1
registro-backend/internal/users/service.go:108.108,109.67 1 1
registro-backend/internal/users/service.go:109.67,111.3 1 1
registro-backend/internal/users/service.go:114.2,114.31 1 1
registro-backend/internal/users/service.go:114.31,116.3 1 1
registro-backend/internal/users/service.go:120.2,120.33 1 1
registro-backend/internal/users/service.go:123.118,124.69 1 1
registro-backend/internal/users/service.go:124.69,126.3 1 1
registro-backend/internal/users/service.go:128.2,129.16 2 1
registro-backend/internal/users/service.go:129.16,131.3 1 0
registro-backend/internal/users/service.go:133.2,133.26 1 1
registro-backend/internal/users/service.go:133.26,135.3 1 1
registro-backend/internal/users/service.go:136.2,136.25 1 1
registro-backend/internal/users/service.go:136.25,138.3 1 0
registro-backend/internal/users/service.go:139.2,139.28 1 1
registro-backend/internal/users/service.go:139.28,141.3 1 0
registro-backend/internal/users/service.go:142.2,142.25 1 1
registro-backend/internal/users/service.go:142.25,144.3 1 0
registro-backend/internal/users/service.go:145.2,145.25 1 1
registro-backend/internal/users/service.go:145.25,147.3 1 0
registro-backend/internal/users/service.go:148.2,148.21 1 1
registro-backend/internal/users/service.go:148.21,150.3 1 0
registro-backend/internal/users/service.go:151.2,151.25 1 1
registro-backend/internal/users/service.go:151.25,153.3 1 0
registro-backend/internal/users/service.go:154.2,154.24 1 1
registro-backend/internal/users/service.go:154.24,156.3 1 0
registro-backend/internal/users/service.go:157.2,157.27 1 1
registro-backend/internal/users/service.go:157.27,158.55 1 0
registro-backend/internal/users/service.go:158.55,160.4 1 0
registro-backend/internal/users/service.go:161.3,161.50 1 0
registro-backend/internal/users/service.go:164.2,164.49 1 1
registro-backend/internal/users/service.go:164.49,166.3 1 0
registro-backend/internal/users/service.go:168.2,168.18 1 1
registro-backend/internal/users/service.go:171.79,172.69 1 1
registro-backend/internal/users/service.go:172.69,174.3 1 1
registro-backend/internal/users/service.go:175.2,175.31 1 1
registro-backend/internal/users/service.go:178.80,179.69 1 1
registro-backend/internal/users/service.go:179.69,181.3 1 1
registro-backend/internal/users/service.go:182.2,182.32 1 1
registro-backend/internal/users/service.go:185.103,187.16 2 1
registro-backend/internal/users/service.go:187.16,189.3 1 0
registro-backend/internal/users/service.go:192.2,192.110 1 1
registro-backend/internal/users/service.go:192.110,194.3 1 1
registro-backend/internal/users/service.go:196.2,196.52 1 1
registro-backend/internal/users/service.go:196.52,198.3 1 0
registro-backend/internal/users/service.go:200.2,203.33 3 1
registro-backend/internal/users/service.go:206.99,207.69 1 0
registro-backend/internal/users/service.go:207.69,209.3 1 0
registro-backend/internal/users/service.go:211.2,212.16 2 0
registro-backend/internal/users/service.go:212.16,214.3 1 0
registro-backend/internal/users/service.go:216.2,219.33 3 0
registro-backend/internal/users/service.go:223.130,224.69 1 0
registro-backend/internal/users/service.go:224.69,226.3 1 0
registro-backend/internal/users/service.go:228.2,229.16 2 0
registro-backend/internal/users/service.go:229.16,231.3 1 0
registro-backend/internal/users/service.go:233.2,234.16 2 0
registro-backend/internal/users/service.go:234.16,236.3 1 0
registro-backend/internal/users/service.go:238.2,244.20 2 0
registro-backend/internal/users/service.go:248.120,249.69 1 0
registro-backend/internal/users/service.go:249.69,251.3 1 0
registro-backend/internal/users/service.go:253.2,254.16 2 0
registro-backend/internal/users/service.go:254.16,256.3 1 0
registro-backend/internal/users/service.go:259.2,260.26 2 0
registro-backend/internal/users/service.go:260.26,270.3 1 0
registro-backend/internal/users/service.go:272.2,272.16 1 0
registro-backend/internal/users/service.go:273.13,274.32 1 0
registro-backend/internal/users/service.go:275.14,276.33 1 0
registro-backend/internal/users/service.go:277.14,278.33 1 0
registro-backend/internal/users/service.go:279.10,280.47 1 0
registro-backend/internal/users/service.go:285.83,286.69 1 1
registro-backend/internal/users/service.go:286.69,288.3 1 1
registro-backend/internal/users/service.go:289.2,290.16 2 1
registro-backend/internal/users/service.go:290.16,292.3 1 0
registro-backend/internal/users/service.go:293.2,295.33 3 1
registro-backend/internal/users/service.go:299.113,304.16 2 0
registro-backend/internal/users/service.go:304.16,306.3 1 0
registro-backend/internal/users/service.go:308.2,309.51 2 0
registro-backend/internal/users/service.go:312.83,313.69 1 0
registro-backend/internal/users/service.go:313.69,315.3 1 0
registro-backend/internal/users/service.go:317.2,318.16 2 0
registro-backend/internal/users/service.go:318.16,320.3 1 0
registro-backend/internal/users/service.go:322.2,324.33 2 0
registro-backend/internal/users/validator.go:12.32,14.2 1 1
registro-backend/internal/users/validator.go:17.60,26.24 2 1
registro-backend/internal/users/validator.go:26.24,28.3 1 1
registro-backend/internal/users/validator.go:30.2,30.32 1 1
registro-backend/internal/users/validator.go:30.32,31.10 1 1
registro-backend/internal/users/validator.go:32.30,33.19 1 1
registro-backend/internal/users/validator.go:34.30,35.19 1 1
registro-backend/internal/users/validator.go:36.31,37.20 1 1
registro-backend/internal/users/validator.go:38.56,39.21 1 1
registro-backend/internal/users/validator.go:43.2,43.69 1 1
registro-backend/internal/users/validator.go:47.56,53.2 3 1
registro-backend/internal/users/validator.go:55.41,57.2 1 1
registro-backend/internal/users/validator.go:59.39,61.2 1 1
registro-backend/internal/auth/cie_handler.go:15.50,19.2 1 0
registro-backend/internal/auth/cie_handler.go:23.55,34.2 1 0
registro-backend/internal/auth/cie_handler.go:38.56,50.2 1 0
registro-backend/internal/auth/cie_handler.go:53.65,55.2 2 0
registro-backend/internal/auth/cie_handler.go:55.2,58.3 2 0
registro-backend/internal/auth/handler.go:15.44,19.2 1 1
registro-backend/internal/auth/handler.go:23.44,25.47 2 0
registro-backend/internal/auth/handler.go:25.47,28.3 2 0
registro-backend/internal/auth/handler.go:30.2,31.16 2 0
registro-backend/internal/auth/handler.go:31.16,33.35 2 0
registro-backend/internal/auth/handler.go:33.35,35.4 1 0
registro-backend/internal/auth/handler.go:35.9,35.66 1 0
registro-backend/internal/auth/handler.go:35.66,37.4 1 0
registro-backend/internal/auth/handler.go:38.3,39.9 2 0
registro-backend/internal/auth/handler.go:42.2,51.4 1 0
registro-backend/internal/auth/handler.go:56.41,58.47 2 1
registro-backend/internal/auth/handler.go:58.47,61.3 2 0
registro-backend/internal/auth/handler.go:63.2,71.16 4 1
registro-backend/internal/auth/handler.go:71.16,73.32 2 0
registro-backend/internal/auth/handler.go:73.32,75.4 1 0
registro-backend/internal/auth/handler.go:75.9,75.35 1 0
registro-backend/internal/auth/handler.go:75.35,77.4 1 0
registro-backend/internal/auth/handler.go:78.3,79.9 2 0
registro-backend/internal/auth/handler.go:82.2,82.33 1 1
registro-backend/internal/auth/handler.go:87.48,89.47 2 0
registro-backend/internal/auth/handler.go:89.47,92.3 2 0
registro-backend/internal/auth/handler.go:94.2,95.16 2 0
registro-backend/internal/auth/handler.go:95.16,99.3 3 0
registro-backend/internal/auth/handler.go:101.2,101.31 1 0
registro-backend/internal/auth/handler.go:106.42,108.47 2 1
registro-backend/internal/auth/handler.go:108.47,111.3 2 0
registro-backend/internal/auth/handler.go:113.2,113.80 1 1
registro-backend/internal/auth/handler.go:113.80,116.3 2 1
registro-backend/internal/auth/handler.go:118.2,118.76 1 1
registro-backend/internal/auth/handler.go:123.50,125.13 2 1
registro-backend/internal/auth/handler.go:125.13,128.3 2 1
registro-backend/internal/auth/handler.go:130.2,131.16 2 1
registro-backend/internal/auth/handler.go:131.16,134.3 2 1
registro-backend/internal/auth/handler.go:136.2,145.4 1 1
registro-backend/internal/auth/handler.go:150.44,152.13 2 0
registro-backend/internal/auth/handler.go:152.13,155.3 2 0
registro-backend/internal/auth/handler.go:157.2,158.16 2 0
registro-backend/internal/auth/handler.go:158.16,160.34 2 0
registro-backend/internal/auth/handler.go:160.34,162.4 1 0
registro-backend/internal/auth/handler.go:163.3,164.9 2 0
registro-backend/internal/auth/handler.go:167.2,167.33 1 0
registro-backend/internal/auth/handler.go:172.45,174.13 2 0
registro-backend/internal/auth/handler.go:174.13,177.3 2 0
registro-backend/internal/auth/handler.go:179.2,180.47 2 0
registro-backend/internal/auth/handler.go:180.47,183.3 2 0
registro-backend/internal/auth/handler.go:185.2,185.84 1 0
registro-backend/internal/auth/handler.go:185.84,188.3 2 0
registro-backend/internal/auth/handler.go:190.2,190.78 1 0
registro-backend/internal/auth/handler.go:195.56,197.47 2 0
registro-backend/internal/auth/handler.go:197.47,200.3 2 0
registro-backend/internal/auth/handler.go:202.2,202.87 1 0
registro-backend/internal/auth/handler.go:202.87,205.3 2 0
registro-backend/internal/auth/handler.go:207.2,207.78 1 0
registro-backend/internal/auth/handler.go:212.56,214.47 2 0
registro-backend/internal/auth/handler.go:214.47,217.3 2 0
registro-backend/internal/auth/handler.go:219.2,219.97 1 0
registro-backend/internal/auth/handler.go:219.97,221.29 2 0
registro-backend/internal/auth/handler.go:221.29,223.4 1 0
registro-backend/internal/auth/handler.go:223.9,223.40 1 0
registro-backend/internal/auth/handler.go:223.40,225.4 1 0
registro-backend/internal/auth/handler.go:226.3,227.9 2 0
registro-backend/internal/auth/handler.go:230.2,230.80 1 0
registro-backend/internal/auth/handler.go:234.83,236.2 2 0
registro-backend/internal/auth/handler.go:236.2,247.3 8 0
registro-backend/internal/auth/handler.go:247.3,252.4 4 0
registro-backend/internal/auth/mfa.go:18.47,22.2 1 1
registro-backend/internal/auth/mfa.go:25.55,28.16 3 1
registro-backend/internal/auth/mfa.go:28.16,30.3 1 0
registro-backend/internal/auth/mfa.go:31.2,31.55 1 1
registro-backend/internal/auth/mfa.go:35.69,43.2 1 1
registro-backend/internal/auth/mfa.go:46.59,48.2 1 0
registro-backend/internal/auth/mfa.go:51.73,53.29 2 1
registro-backend/internal/auth/mfa.go:53.29,55.17 2 1
registro-backend/internal/auth/mfa.go:55.17,57.4 1 0
registro-backend/internal/auth/mfa.go:58.3,58.18 1 1
registro-backend/internal/auth/mfa.go:60.2,60.19 1 1
registro-backend/internal/auth/mfa.go:63.53,67.16 4 1
registro-backend/internal/auth/mfa.go:67.16,69.3 1 0
registro-backend/internal/auth/mfa.go:70.2,70.19 1 1
registro-backend/internal/auth/mfa.go:70.19,72.3 1 1
registro-backend/internal/auth/mfa.go:73.2,73.23 1 1
registro-backend/internal/auth/middleware.go:21.91,26.2 1 0
registro-backend/internal/auth/middleware.go:29.53,30.30 1 0
registro-backend/internal/auth/middleware.go:30.30,32.23 2 0
registro-backend/internal/auth/middleware.go:32.23,36.4 3 0
registro-backend/internal/auth/middleware.go:39.3,40.46 2 0
registro-backend/internal/auth/middleware.go:40.46,44.4 3 0
registro-backend/internal/auth/middleware.go:46.3,48.17 3 0
registro-backend/internal/auth/middleware.go:48.17,52.4 3 0
registro-backend/internal/auth/middleware.go:55.3,55.24 1 0
registro-backend/internal/auth/middleware.go:55.24,57.18 2 0
registro-backend/internal/auth/middleware.go:57.18,61.5 3 0
registro-backend/internal/auth/middleware.go:62.4,62.17 1 0
registro-backend/internal/auth/middleware.go:62.17,66.5 3 0
registro-backend/internal/auth/middleware.go:70.3,75.11 5 0
registro-backend/internal/auth/middleware.go:80.74,81.30 1 0
registro-backend/internal/auth/middleware.go:81.30,83.14 2 0
registro-backend/internal/auth/middleware.go:83.14,87.4 3 0
registro-backend/internal/auth/middleware.go:89.3,90.44 2 0
registro-backend/internal/auth/middleware.go:90.44,91.57 1 0
registro-backend/internal/auth/middleware.go:91.57,94.5 2 0
registro-backend/internal/auth/middleware.go:97.3,98.12 2 0
registro-backend/internal/auth/middleware.go:103.47,105.13 2 1
registro-backend/internal/auth/middleware.go:105.13,107.3 1 1
registro-backend/internal/auth/middleware.go:108.2,108.30 1 1
registro-backend/internal/auth/middleware.go:112.49,114.13 2 0
registro-backend/internal/auth/middleware.go:114.13,116.3 1 0
registro-backend/internal/auth/middleware.go:117.2,117.28 1 0
registro-backend/internal/auth/middleware.go:121.49,123.13 2 0
registro-backend/internal/auth/middleware.go:123.13,125.3 1 0
registro-backend/internal/auth/middleware.go:126.2,126.32 1 0
registro-backend/internal/auth/middleware.go:140.96,146.2 5 0
registro-backend/internal/auth/repository.go:52.43,54.2 1 0
registro-backend/internal/auth/repository.go:56.72,73.2 8 0
registro-backend/internal/auth/repository.go:75.87,89.26 5 0
registro-backend/internal/auth/repository.go:89.26,91.3 1 0
registro-backend/internal/auth/repository.go:92.2,92.16 1 0
registro-backend/internal/auth/repository.go:92.16,94.3 1 0
registro-backend/internal/auth/repository.go:95.2,96.18 2 0
registro-backend/internal/auth/repository.go:99.81,113.26 5 0
registro-backend/internal/auth/repository.go:113.26,115.3 1 0
registro-backend/internal/auth/repository.go:116.2,116.16 1 0
registro-backend/internal/auth/repository.go:116.16,118.3 1 0
registro-backend/internal/auth/repository.go:119.2,120.18 2 0
registro-backend/internal/auth/repository.go:123.72,132.2 4 0
registro-backend/internal/auth/repository.go:134.80,139.2 4 0
registro-backend/internal/auth/repository.go:141.82,145.2 3 0
registro-backend/internal/auth/repository.go:147.75,151.2 3 0
registro-backend/internal/auth/repository.go:153.87,157.26 4 0
registro-backend/internal/auth/repository.go:157.26,159.3 1 0
registro-backend/internal/auth/repository.go:160.2,160.20 1 0
registro-backend/internal/auth/repository.go:163.100,166.16 3 0
registro-backend/internal/auth/repository.go:166.16,168.3 1 0
registro-backend/internal/auth/repository.go:169.2,171.29 2 0
registro-backend/internal/auth/repository.go:171.29,173.17 2 0
registro-backend/internal/auth/repository.go:173.17,175.4 1 0
registro-backend/internal/auth/repository.go:178.2,178.20 1 0
registro-backend/internal/auth/repository.go:181.103,184.16 3 0
registro-backend/internal/auth/repository.go:184.16,186.3 1 0
registro-backend/internal/auth/repository.go:187.2,190.18 3 0
registro-backend/internal/auth/repository.go:190.18,192.114 2 0
registro-backend/internal/auth/repository.go:192.114,194.4 1 0
registro-backend/internal/auth/repository.go:195.3,195.30 1 0
registro-backend/internal/auth/repository.go:197.2,197.26 1 0
registro-backend/internal/auth/repository.go:200.86,203.16 3 0
registro-backend/internal/auth/repository.go:203.16,205.3 1 0
registro-backend/internal/auth/repository.go:206.2,207.19 2 0
registro-backend/internal/auth/repository.go:207.19,209.3 1 0
registro-backend/internal/auth/repository.go:210.2,210.12 1 0
registro-backend/internal/auth/repository.go:213.89,227.2 6 0
registro-backend/internal/auth/repository.go:229.96,240.26 4 0
registro-backend/internal/auth/repository.go:240.26,242.3 1 0
registro-backend/internal/auth/repository.go:243.2,243.16 1 0
registro-backend/internal/auth/repository.go:246.84,250.2 3 0
registro-backend/internal/auth/repository.go:252.84,256.2 3 0
registro-backend/internal/auth/repository.go:258.101,271.2 6 0
registro-backend/internal/auth/repository.go:273.108,283.26 4 0
registro-backend/internal/auth/repository.go:283.26,285.3 1 0
registro-backend/internal/auth/repository.go:286.2,286.17 1 0
registro-backend/internal/auth/repository.go:289.87,293.2 3 0
registro-backend/internal/auth/repository.go:295.93,299.2 3 0
registro-backend/internal/auth/repository.go:301.91,308.2 3 0
registro-backend/internal/auth/repository.go:310.121,319.2 4 0
registro-backend/internal/auth/service.go:23.99,30.2 1 1
registro-backend/internal/auth/service.go:33.86,35.53 1 1
registro-backend/internal/auth/service.go:35.53,37.3 1 1
registro-backend/internal/auth/service.go:40.2,41.16 2 1
registro-backend/internal/auth/service.go:41.16,43.3 1 1
registro-backend/internal/auth/service.go:46.2,47.16 2 1
registro-backend/internal/auth/service.go:47.16,49.3 1 0
registro-backend/internal/auth/service.go:52.2,59.24 2 1
registro-backend/internal/auth/service.go:59.24,61.3 1 0
registro-backend/internal/auth/service.go:63.2,63.53 1 1
registro-backend/internal/auth/service.go:63.53,65.3 1 0
registro-backend/internal/auth/service.go:67.2,67.18 1 1
registro-backend/internal/auth/service.go:71.117,75.16 3 1
registro-backend/internal/auth/service.go:75.16,77.3 1 0
registro-backend/internal/auth/service.go:78.2,78.19 1 1
registro-backend/internal/auth/service.go:78.19,80.3 1 1
registro-backend/internal/auth/service.go:83.2,84.16 2 1
registro-backend/internal/auth/service.go:84.16,87.3 2 0
registro-backend/internal/auth/service.go:90.2,91.16 2 1
registro-backend/internal/auth/service.go:91.16,94.3 2 1
registro-backend/internal/auth/service.go:97.2,97.20 1 1
registro-backend/internal/auth/service.go:97.20,99.3 1 0
registro-backend/internal/auth/service.go:102.2,102.21 1 1
registro-backend/internal/auth/service.go:102.21,103.25 1 0
registro-backend/internal/auth/service.go:103.25,105.4 1 0
registro-backend/internal/auth/service.go:106.3,107.17 2 0
registro-backend/internal/auth/service.go:107.17,109.4 1 0
registro-backend/internal/auth/service.go:110.3,110.53 1 0
registro-backend/internal/auth/service.go:110.53,112.4 1 0
registro-backend/internal/auth/service.go:116.2,118.17 1 1
registro-backend/internal/auth/service.go:118.17,119.28 1 1
registro-backend/internal/auth/service.go:119.28,121.5 1 1
registro-backend/internal/auth/service.go:122.4,122.13 1 1
registro-backend/internal/auth/service.go:125.2,125.16 1 1
registro-backend/internal/auth/service.go:125.16,127.3 1 0
registro-backend/internal/auth/service.go:129.2,130.16 2 1
registro-backend/internal/auth/service.go:130.16,132.3 1 0
registro-backend/internal/auth/service.go:135.2,142.59 2 1
registro-backend/internal/auth/service.go:142.59,144.3 1 0
registro-backend/internal/auth/service.go:147.2,166.8 3 1
registro-backend/internal/auth/service.go:170.94,173.16 2 0
registro-backend/internal/auth/service.go:173.16,175.3 1 0
registro-backend/internal/auth/service.go:178.2,178.16 1 0
registro-backend/internal/auth/service.go:178.16,180.3 1 0
registro-backend/internal/auth/service.go:183.2,183.36 1 0
registro-backend/internal/auth/service.go:183.36,185.3 1 0
registro-backend/internal/auth/service.go:188.2,189.16 2 0
registro-backend/internal/auth/service.go:189.16,191.3 1 0
registro-backend/internal/auth/service.go:194.2,196.17 1 0
registro-backend/internal/auth/service.go:196.17,197.28 1 0
registro-backend/internal/auth/service.go:197.28,199.5 1 0
registro-backend/internal/auth/service.go:200.4,200.13 1 0
registro-backend/internal/auth/service.go:203.2,203.16 1 0
registro-backend/internal/auth/service.go:203.16,205.3 1 0
registro-backend/internal/auth/service.go:207.2,211.8 1 0
registro-backend/internal/auth/service.go:215.74,217.16 2 1
registro-backend/internal/auth/service.go:217.16,219.3 1 1
registro-backend/internal/auth/service.go:220.2,220.46 1 1
registro-backend/internal/auth/service.go:224.82,226.2 1 1
registro-backend/internal/auth/service.go:229.91,231.16 2 1
registro-backend/internal/auth/service.go:231.16,233.3 1 0
registro-backend/internal/auth/service.go:235.2,235.21 1 1
registro-backend/internal/auth/service.go:235.21,237.3 1 1
registro-backend/internal/auth/service.go:240.2,241.16 2 1
registro-backend/internal/auth/service.go:241.16,243.3 1 0
registro-backend/internal/auth/service.go:246.2,250.16 3 1
registro-backend/internal/auth/service.go:250.16,252.3 1 0
registro-backend/internal/auth/service.go:255.2,255.79 1 1
registro-backend/internal/auth/service.go:255.79,257.3 1 0
registro-backend/internal/auth/service.go:261.2,261.62 1 1
registro-backend/internal/auth/service.go:261.62,263.3 1 0
registro-backend/internal/auth/service.go:265.2,269.8 1 1
registro-backend/internal/auth/service.go:273.78,275.16 2 0
registro-backend/internal/auth/service.go:275.16,277.3 1 0
registro-backend/internal/auth/service.go:279.2,279.45 1 0
registro-backend/internal/auth/service.go:279.45,281.3 1 0
registro-backend/internal/auth/service.go:283.2,283.12 1 0
registro-backend/internal/auth/service.go:287.81,289.16 2 0
registro-backend/internal/auth/service.go:289.16,292.3 1 0
registro-backend/internal/auth/service.go:295.2,296.49 2 0
registro-backend/internal/auth/service.go:296.49,298.3 1 0
registro-backend/internal/auth/service.go:299.2,307.66 3 0
registro-backend/internal/auth/service.go:307.66,309.3 1 0
registro-backend/internal/auth/service.go:314.2,314.12 1 0
registro-backend/internal/auth/service.go:318.87,321.64 2 0
registro-backend/internal/auth/service.go:321.64,323.3 1 0
registro-backend/internal/auth/service.go:326.2,327.16 2 0
registro-backend/internal/auth/service.go:327.16,329.3 1 0
registro-backend/internal/auth/service.go:332.2,332.14 1 0
registro-backend/internal/auth/service.go:332.14,334.3 1 0
registro-backend/internal/auth/service.go:337.2,337.37 1 0
registro-backend/internal/auth/service.go:337.37,339.3 1 0
registro-backend/internal/auth/service.go:342.2,343.16 2 0
registro-backend/internal/auth/service.go:343.16,345.3 1 0
registro-backend/internal/auth/service.go:348.2,348.85 1 0
registro-backend/internal/auth/service.go:348.85,350.3 1 0
registro-backend/internal/auth/service.go:353.2,353.66 1 0
registro-backend/internal/auth/service.go:353.66,355.3 1 0
registro-backend/internal/auth/service.go:358.2,360.12 2 0
registro-backend/internal/auth/service.go:363.85,371.2 2 1
registro-backend/internal/auth/service.go:373.89,381.2 2 1
registro-backend/internal/auth/spid_handler.go:16.52,20.2 1 0
registro-backend/internal/auth/spid_handler.go:24.57,34.2 1 0
registro-backend/internal/auth/spid_handler.go:38.58,51.2 1 0
registro-backend/internal/auth/spid_handler.go:54.67,56.2 2 0
registro-backend/internal/auth/spid_handler.go:56.2,59.3 2 0
registro-backend/internal/auth/validator.go:18.48,26.2 1 1
registro-backend/internal/auth/validator.go:29.61,30.33 1 1
registro-backend/internal/auth/validator.go:30.33,32.3 1 1
registro-backend/internal/auth/validator.go:34.2,41.32 2 1
registro-backend/internal/auth/validator.go:41.32,42.10 1 1
registro-backend/internal/auth/validator.go:43.30,44.19 1 1
registro-backend/internal/auth/validator.go:45.30,46.19 1 1
registro-backend/internal/auth/validator.go:47.30,48.20 1 1
registro-backend/internal/auth/validator.go:49.56,50.21 1 1
registro-backend/internal/auth/validator.go:54.2,54.33 1 1
registro-backend/internal/auth/validator.go:54.33,56.3 1 0
registro-backend/internal/auth/validator.go:57.2,57.33 1 1
registro-backend/internal/auth/validator.go:57.33,59.3 1 0
registro-backend/internal/auth/validator.go:60.2,60.35 1 1
registro-backend/internal/auth/validator.go:60.35,62.3 1 0
registro-backend/internal/auth/validator.go:63.2,63.37 1 1
registro-backend/internal/auth/validator.go:63.37,65.3 1 0
registro-backend/internal/auth/validator.go:67.2,67.12 1 1
registro-backend/internal/auth/validator.go:76.42,80.2 1 1
registro-backend/internal/auth/validator.go:83.55,84.38 1 1
registro-backend/internal/auth/validator.go:84.38,86.3 1 0
registro-backend/internal/auth/validator.go:87.2,87.12 1 1
registro-backend/internal/auth/validator.go:91.58,93.59 2 1
registro-backend/internal/auth/validator.go:93.59,95.3 1 0
registro-backend/internal/auth/validator.go:97.2,98.65 2 1
registro-backend/internal/auth/validator.go:98.65,100.3 1 1
registro-backend/internal/auth/validator.go:102.2,102.47 1 1
registro-backend/internal/auth/validator.go:102.47,104.3 1 0
registro-backend/internal/auth/validator.go:106.2,114.27 2 1
registro-backend/internal/auth/validator.go:114.27,116.3 1 0
registro-backend/internal/auth/validator.go:118.2,118.12 1 1
